oid,label
ZTF17aabcraf,1
ZTF17aaaaaiu,0
ZTF17aaaaanw,0
ZTF18aazdgfr,1
ZTF18aaxjvmh,1
ZTF18aaisuxz,1
ZTF18aawhexz,1
ZTF17aacsewe,1
ZTF17aacrrbq,1
ZTF17aablurp,1
ZTF17aacsejv,1
ZTF18aamzkod,1
ZTF18aayjzrf,1
ZTF18aaxtmhi,1
ZTF17aaaacor,0
ZTF17aaaafli,0
ZTF18aazetjg,1
ZTF17aaaafan,0
ZTF17aacadsd,1
ZTF18aazfolj,1
ZTF18aayksyw,1
ZTF17aaaactd,0
ZTF18aazjnwt,1
ZTF18aawqich,1
ZTF17aaaajjq,0
ZTF18aauvefy,1
ZTF17aaaahkc,0
ZTF18aaracvu,1
ZTF17aaaajgb,0
ZTF18aaueouu,1
ZTF17aacqgcc,1
ZTF18aasauch,1
ZTF17aaaajos,0
ZTF17aaaajpu,0
ZTF17aacaija,1
ZTF17aaaaabl,0
ZTF17aaaafnv,0
ZTF17aaaaibz,0
ZTF17aaaajyr,0
ZTF17aacqpjw,1
ZTF17aaaafvj,0
ZTF17aaaahmw,0
ZTF18aaapjtv,1
ZTF18aagrtxs,1
ZTF18aaxxfdg,1
ZTF17aaaahck,0
ZTF17aaaagpt,0
ZTF17aaaajax,0
ZTF17aaaadsd,0
ZTF17aaaaaod,0
ZTF17aaaaiux,0
ZTF17aaaaiwn,0
ZTF17aacrybc,1
ZTF17aaaaazd,0
ZTF18aazvjgk,1
ZTF17aaaadfw,0
ZTF18aazhvgq,1
ZTF18aakvxcn,1
ZTF17aabwhxw,1
ZTF17aaaaahp,0
ZTF17aacrkpd,1
ZTF17aaaaihk,0
ZTF17aaaahvp,0
ZTF17aaaagzk,0
ZTF18aaadvih,1
ZTF17aaaaamp,0
ZTF17aaaaezt,0
ZTF17aacrhmf,1
ZTF17aaaaggu,0
ZTF17aaaajht,0
ZTF17aacnydn,1
ZTF18aahheaj,1
ZTF18aamyxon,1
ZTF18aaqculk,1
ZTF18aazaqsl,1
ZTF17aacqyea,1
ZTF18aaxlyqu,1
ZTF17aaaaawo,0
ZTF17aaaaact,0
ZTF17aaaagow,0
ZTF17aaaaewi,0
ZTF17aaaadux,0
ZTF17aaaahra,0
ZTF17aabnpyo,1
ZTF17aaaacpo,0
ZTF17aaazdiu,1
ZTF18aaxragd,1
ZTF18aawruyr,1
ZTF17aaaajkz,0
ZTF17aaaagyu,0
ZTF17aaaahpc,0
ZTF18aatpuzm,1
ZTF18aakemik,1
ZTF17aaaprpk,1
ZTF18aautycf,1
ZTF17aaaajio,0
ZTF17aaaabmd,0
ZTF17aaaafgo,0
ZTF18aarummj,1
ZTF18aahaxvk,1
ZTF17aabifcc,1
ZTF17aabwhue,1
ZTF17aacqtfj,1
ZTF17aaaaikh,0
ZTF18aatonsq,1
ZTF18aanyksz,1
ZTF18aaylkit,1
ZTF17aaatuvm,1
ZTF17aaaaipn,0
ZTF17aaatvff,1
ZTF17aaayysc,1
ZTF18aazgiwt,1
ZTF17aaaahtg,0
ZTF18aaxpvgh,1
ZTF17aacrkgu,1
ZTF17aaaafvq,0
ZTF17aacqrlr,1
ZTF17aacqoex,1
ZTF18aanmyul,1
ZTF17aacrkmf,1
ZTF17aaaxmnf,1
ZTF18aazdinb,1
ZTF17aaaajmb,0
ZTF18aamqhov,1
ZTF17aacritc,1
ZTF17aaaajix,0
ZTF17aacrhmm,1
ZTF17aaaajjv,0
ZTF17aaaaaxj,0
ZTF17aaaadpr,0
ZTF17aaaahvm,0
ZTF17aaaadjf,0
ZTF17aacqgde,1
ZTF17aaaxnwa,1
ZTF17aaaahfg,0
ZTF17aaaahjy,0
ZTF17aaaaiks,0
ZTF17aaaafmj,0
ZTF18aaywbmt,1
ZTF18aakydia,1
ZTF17aaaagij,0
ZTF17aaaagwl,0
ZTF17aaaajqh,0
ZTF17aaaahcd,0
ZTF17aaaainw,0
ZTF17aaaaecp,0
ZTF17aaaabvx,0
ZTF17aaaafnn,0
ZTF17aaaabdy,0
ZTF17aaaaaie,0
ZTF17aaazgmf,1
ZTF17aaaahcl,0
ZTF17aaaajfo,0
ZTF17aaaajru,0
ZTF17aackywz,1
ZTF17aaaslsw,1
ZTF17aaaabek,0
ZTF17aaaaaze,0
ZTF17aaaagec,0
ZTF18aajlilg,1
ZTF17aacqqdx,1
ZTF17aaaadow,0
ZTF18aaxxota,1
ZTF18aazqsae,1
ZTF18aajviok,1
ZTF17aaaafol,0
ZTF18aazdecf,1
ZTF17aabkvyn,1
ZTF17aaaaclo,0
ZTF17aacqiap,1
ZTF17aaaafeb,0
ZTF17aacghgz,1
ZTF17aaaaarj,0
ZTF17aaaacqr,0
ZTF18aatxvbj,1
ZTF17aaaaejl,0
ZTF17aaaahkn,0
ZTF17aaaafjj,0
ZTF18aapnmwy,1
ZTF17aacadrz,1
ZTF17aaaaiwb,0
ZTF17aaaabdx,0
ZTF17aacqfhf,1
ZTF18aaikcbb,1
ZTF17aaaaawr,0
ZTF17aaaafmx,0
ZTF17aaaaggw,0
ZTF17aaaagdv,0
ZTF18aavqadc,1
ZTF17aacndpz,1
ZTF18aaxbjyr,1
ZTF17aaaagtp,0
ZTF17aaaahec,0
ZTF17aaaajfg,0
ZTF17aacqhxp,1
ZTF18aazhjzt,1
ZTF18aaxuzjn,1
ZTF17aaaaaws,0
ZTF17aaaagxc,0
ZTF17aaaaigv,0
ZTF17aaaahbu,0
ZTF18aaxrcou,1
ZTF17aaaaauw,0
ZTF17aaaaics,0
ZTF17aaaaelk,0
ZTF17aacrdsd,1
ZTF17aacrkms,1
ZTF17aaaafeo,0
ZTF17aaaahfu,0
ZTF18aayjlzu,1
ZTF17aaaadpd,0
ZTF18aazanej,1
ZTF17aaaagda,0
ZTF17aacsnkj,1
ZTF17aaaahkq,0
ZTF17aacrkod,1
ZTF17aaaajod,0
ZTF18aabdivp,1
ZTF17aaaagtj,0
ZTF18aazbnto,1
ZTF17aabulph,1
ZTF18aaxnnuh,1
ZTF17aaaaisg,0
ZTF17aaaaehn,0
ZTF17aabnzge,1
ZTF17aaaadmq,0
ZTF17aaaaaqu,0
ZTF17aaaaase,0
ZTF18aaqdthh,1
ZTF17aacrkiv,1
ZTF18aawrujb,1
ZTF17aaaagpu,0
ZTF17aaaeidu,1
ZTF17aaaaipj,0
ZTF18aamzved,1
ZTF17aaaaehx,0
ZTF17aaaaeaj,0
ZTF18aaxdjzk,1
ZTF17aaaaaui,0
ZTF17aaaajpo,0
ZTF18aayxfdc,1
ZTF18aawoxlj,1
ZTF17aaaahlm,0
ZTF17aaaahkr,0
ZTF17aaaskjm,1
ZTF17aackdei,1
ZTF17aacrcyt,1
ZTF17aaazfsx,1
ZTF17aaccoho,1
ZTF17aaaajhj,0
ZTF17aaaajgs,0
ZTF17aaaahmt,0
ZTF17aabuooa,1
ZTF17aabbbko,1
ZTF17aacrisl,1
ZTF18aayghmb,1
ZTF17aaaafkn,0
ZTF17aacqhvw,1
ZTF18aasycak,1
ZTF18aawmygg,1
ZTF17aabjilv,1
ZTF17aacrhmu,1
ZTF17aacrhmh,1
ZTF17aaaainn,0
ZTF17aabbeas,1
ZTF17aacadrx,1
ZTF17aacsnkc,1
ZTF17aaaaais,0
ZTF17aaaabej,0
ZTF18aajqgok,1
ZTF18aaxafbg,1
ZTF17aaaetcx,1
ZTF17aaaajtv,0
ZTF17aabqcyh,1
ZTF17aackdex,1
ZTF17aaaaedk,0
ZTF17aabbnee,1
ZTF17aaaaatc,0
ZTF17aaaaghb,0
ZTF17aaazgtt,1
ZTF17aaaaitm,0
ZTF17aaaaisv,0
ZTF18aaxnlrc,1
ZTF18abadyyz,1
ZTF17aabqjgx,1
ZTF17aaaahdt,0
ZTF18abacqyk,1
ZTF17aaaaegg,0
ZTF17aacqega,1
ZTF18aavuziy,1
ZTF18aaujzvf,1
ZTF17aaaabrg,0
ZTF17aacrkho,1
ZTF17aacrdse,1
ZTF17aaaaczm,0
ZTF18aawsdpp,1
ZTF17aacrkon,1
ZTF17aacrhnk,1
ZTF17aaaahxk,0
ZTF18aazywer,1
ZTF18aajdxnf,1
ZTF18aatwzfc,1
ZTF17aaaadzy,0
ZTF17aaaywpk,1
ZTF17aaaabcy,0
ZTF17aaaaiop,0
ZTF17aaaajgj,0
ZTF17aaaaaxq,0
ZTF18aaqcfwt,1
ZTF17aaclepw,1
ZTF17aaaadjx,0
ZTF17aaaafxz,0
ZTF17aacrjhk,1
ZTF17aaaajub,0
ZTF17aabnzfu,1
ZTF18aayzzze,1
ZTF17aacfgaq,1
ZTF17aaaaang,0
ZTF17aaaajle,0
ZTF17aaaafky,0
ZTF17aaaajnp,0
ZTF17aaaahcp,0
ZTF17aacqqfe,1
ZTF17aaaacsb,0
ZTF18aasvias,1
ZTF18aayxucr,1
ZTF17aacrrdn,1
ZTF18aauydsn,1
ZTF17aaaahpb,0
ZTF17aaaahvl,0
ZTF17aaaahdy,0
ZTF18aassymb,1
ZTF17aaaahou,0
ZTF18abaanht,1
ZTF18aauenwu,1
ZTF18aayhkvb,1
ZTF18aaxugfs,1
ZTF18aavvnzu,1
ZTF17aaaagww,0
ZTF18ababkge,1
ZTF17aaaahvi,0
ZTF17aaaahjr,0
ZTF17aaaprlb,1
ZTF17aacrhmn,1
ZTF17aaaafjr,0
ZTF17aaaagdb,0
ZTF17aaaajjg,0
ZTF17aaaackk,0
ZTF17aacqnzn,1
ZTF17aacrdqy,1
ZTF17aaaacql,0
ZTF17aaaahcy,0
ZTF17aaajfhp,1
ZTF18aaqclwx,1
ZTF17aaaajnb,0
ZTF18aaokpqe,1
ZTF17aaaaedh,0
ZTF18aarljwo,1
ZTF18abaavnq,1
ZTF17aacqgcb,1
ZTF18aaswjmp,1
ZTF18aahkqzi,1
ZTF17aaaagnw,0
ZTF17aacridi,1
ZTF18aawyxye,1
ZTF17aaaacqx,0
ZTF18aaahvzj,1
ZTF18aasyjhd,1
ZTF18aaxblaw,1
ZTF17aaaaimd,0
ZTF17aaaahed,0
ZTF17aaaafkl,0
ZTF17aabicpx,1
ZTF17aacqiat,1
ZTF17aacricm,1
ZTF17aaaahmv,0
ZTF17aaaaebw,0
ZTF18aaoszdi,1
ZTF18aazchfq,1
ZTF17aaaaihh,0
ZTF17aaaaguj,0
ZTF17aaaaibs,0
ZTF17aaaaabb,0
ZTF17aacrjft,1
ZTF17aaaslyg,1
ZTF17aabiegt,1
ZTF17aaaajcb,0
ZTF18aaqmnex,1
ZTF18abaeezy,1
ZTF17aacrxyi,1
ZTF17aabisif,1
ZTF17aaaaiwk,0
ZTF17aaaadkj,0
ZTF18aagteri,1
ZTF18aaydhrk,1
ZTF17aaaaauh,0
ZTF17aabpolf,1
ZTF17aabunxe,1
ZTF17aaaagzg,0
ZTF17aaaadje,0
ZTF18aazfidd,1
ZTF17aaaahgt,0
ZTF18aaxtibc,1
ZTF17aaaaakx,0
ZTF17aaaafyu,0
ZTF17aacqrkt,1
ZTF17aacmjem,1
ZTF18aaxuide,1
ZTF18aarwuxx,1
ZTF17aaaabds,0
ZTF18aazzxon,1
ZTF17aaaadwi,0
ZTF17aaaaalx,0
ZTF17aaavrwg,1
ZTF18aasqljh,1
ZTF17aaaahtj,0
ZTF18aaiualk,1
ZTF17aaaakaw,0
ZTF17aaaafeu,0
ZTF17aaaaaww,0
ZTF17aaaaakh,0
ZTF17aaaaayg,0
ZTF17aacrkog,1
ZTF18abaeaqi,1
ZTF17aacrafk,1
ZTF17aaaajzm,0
ZTF18aawibig,1
ZTF17aaazkut,1
ZTF17aaaakax,0
ZTF18aavsoed,1
ZTF18aaxmngb,1
ZTF17aaaaiie,0
ZTF17aacloxt,1
ZTF17aaaaazc,0
ZTF17aacqikz,1
ZTF17aaaabff,0
ZTF17aacrihq,1
ZTF17aaaahcq,0
ZTF18aakydcy,1
ZTF17aaaabef,0
ZTF17aaaagfo,0
ZTF18aahbqti,1
ZTF17aaaaagn,0
ZTF17aacacuo,1
ZTF17aabnzfc,1
ZTF17aabusmz,1
ZTF17aacrkhm,1
ZTF17aaaaiuk,0
ZTF18aamyacn,1
ZTF18aahvndq,1
ZTF17aaaaalc,0
ZTF17aaaafcf,0
ZTF17aaaaiip,0
ZTF17aaaysxc,1
ZTF17aaaajgd,0
ZTF17aaaprkz,1
ZTF17aacrawv,1
ZTF17aaaabmc,0
ZTF17aaaagew,0
ZTF18aaxukiw,1
ZTF17aaaemtj,1
ZTF18aayhkdi,1
ZTF17aaazugv,1
ZTF17aaaaeti,0
ZTF17aaaaagg,0
ZTF17aaaafnc,0
ZTF17aaaaapq,0
ZTF17aaaajcj,0
ZTF17aaaajln,0
ZTF17aaaajfu,0
ZTF17aaaabrl,0
ZTF17aaaaapa,0
ZTF18aavxdrz,1
ZTF17aaaaavk,0
ZTF17aaaabmr,0
ZTF17aaaaaxh,0
ZTF17aaaaaum,0
ZTF17aacaijg,1
ZTF18aaxmxdl,1
ZTF18aamxtlp,1
ZTF17aaaahoe,0
ZTF17aaaahep,0
ZTF17aabjfaz,1
ZTF17aaaafai,0
ZTF17aaaahfj,0
ZTF17aaaajha,0
ZTF18aabwcvw,1
ZTF17aaaacji,0
ZTF18aamuyhf,1
ZTF18aaxagxj,1
ZTF18aarmnnd,1
ZTF17aaazjnz,1
ZTF18aaypylb,1
ZTF17aaaaaza,0
ZTF18aaweoqe,1
ZTF17aaaahdl,0
ZTF18aavuiho,1
ZTF18aarqnje,1
ZTF17aabndoo,1
ZTF17aaaafmb,0
ZTF17aaaagnb,0
ZTF17aaaagpz,0
ZTF18aajgwtf,1
ZTF17aaaainh,0
ZTF17aaazmsf,1
ZTF18aaceepu,1
ZTF17aaaxfre,1
ZTF18aaxnoeu,1
ZTF17aabhzgp,1
ZTF17aacqheh,1
ZTF17aaaagtq,0
ZTF17aaaaabx,0
ZTF17aacqgdb,1
ZTF18aazabwh,1
ZTF18aadwhqi,1
ZTF18aazibon,1
ZTF17aacrptv,1
ZTF18aahybee,1
ZTF18aatzrmg,1
ZTF17aaaaifw,0
ZTF17aaaahmm,0
ZTF17aaaagjc,0
ZTF18aazhqli,1
ZTF17aaaaatx,0
ZTF17aacrboh,1
ZTF18aaqpeoq,1
ZTF17aaaahvk,0
ZTF17aaaadou,0
ZTF17aaaafla,0
ZTF17aaaajue,0
ZTF17aaaabhx,0
ZTF18aazwdwn,1
ZTF17aaaafxg,0
ZTF18aaqcnfd,1
ZTF17aaaagot,0
ZTF17aaaafnw,0
ZTF18aavriir,1
ZTF17aaaafwp,0
ZTF17aaaaano,0
ZTF17aaaajlm,0
ZTF17aacqhac,1
ZTF17aaaablb,0
ZTF17aabibni,1
ZTF17aaaaipy,0
ZTF17aaaahqd,0
ZTF17aaaafbc,0
ZTF17aaaaged,0
ZTF17aaaahgz,0
ZTF17aaaafya,0
ZTF18aawfujr,1
ZTF17aaaaeee,0
ZTF17aacrjgd,1
ZTF17aaaahge,0
ZTF18aawfquu,1
ZTF17aacrsrv,1
ZTF17aaaxxgi,1
ZTF17aaaaipo,0
ZTF17aaaajty,0
ZTF17aaaajlc,0
ZTF17aaaaecv,0
ZTF17aaaahzz,0
ZTF17aaaaezq,0
ZTF17aaaadyi,0
ZTF17aacqqin,1
ZTF18aazzuip,1
ZTF17aaaajpn,0
ZTF17aaaagvt,0
ZTF17aaclejw,1
ZTF17aaaaalh,0
ZTF17aaaagzs,0
ZTF17aaaajqo,0
ZTF17aaaagpy,0
ZTF17aaaagyo,0
ZTF17aacrrdi,1
ZTF18aagterq,1
ZTF17aaaajqj,0
ZTF18aaznwht,1
ZTF17aaaahhv,0
ZTF17aaaaedn,0
ZTF17aaaahcf,0
ZTF18aazhjoa,1
ZTF17aaaaiqk,0
ZTF18abacvme,1
ZTF17aaaahdc,0
ZTF17aaazgua,1
ZTF17aaaadae,0
ZTF17aaaaipi,0
ZTF17aacqpjy,1
ZTF18aaxugta,1
ZTF17aaaajir,0
ZTF17aaaagou,0
ZTF17aaaxjon,1
ZTF17aacrjkd,1
ZTF17aaaaisf,0
ZTF17aaaajip,0
ZTF18aazcblk,1
ZTF17aaaadjh,0
ZTF17aacqqhx,1
ZTF18aazcljo,1
ZTF17aacmjyw,1
ZTF18aaygwqd,1
ZTF17aaaaibd,0
ZTF18abaaywc,1
ZTF17aaaaisl,0
ZTF17aaaaiov,0
ZTF17aaaagfh,0
ZTF18aawmxdx,1
ZTF17aaaaawg,0
ZTF17aaaaiao,0
ZTF17aaaajyv,0
ZTF18aanhtle,1
ZTF17aaaairm,0
ZTF17aabwcuw,1
ZTF18aastrds,1
ZTF17aaaahuy,0
ZTF17aacrbpx,1
ZTF17aaazwnh,1
ZTF18aaxqelb,1
ZTF17aacbixx,1
ZTF18ababxev,1
ZTF17aabxckd,1
ZTF17aaaaedy,0
ZTF18aawhnxm,1
ZTF17aaaadzz,0
ZTF17aaaaihx,0
ZTF17aaaajho,0
ZTF17aabdknp,1
ZTF17aaazcod,1
ZTF17aacqgck,1
ZTF18aarudxq,1
ZTF17aaatwzc,1
ZTF18aawhsgh,1
ZTF18aanlubg,1
ZTF17aaaafdf,0
ZTF17aacqimn,1
ZTF18aaxuhsj,1
ZTF18aazhjeg,1
ZTF17aaaaicn,0
ZTF17aaaajji,0
ZTF17aaaagfw,0
ZTF17aaaafhy,0
ZTF17aaaadjb,0
ZTF17aaaaaua,0
ZTF17aacrjfy,1
ZTF17aaaahsh,0
ZTF17aaaagjd,0
ZTF17aaaacnz,0
ZTF17aaaahvg,0
ZTF18aaxufhi,1
ZTF17aaaahrw,0
ZTF17aaaagja,0
ZTF18aaxqopg,1
ZTF17aaaajbq,0
ZTF17aaaaado,0
ZTF18aawmeiw,1
ZTF17aacrjga,1
ZTF17aaaagxb,0
ZTF18aavypli,1
ZTF18aaztkkv,1
ZTF18abacbrv,1
ZTF18aazcsxu,1
ZTF18aacoqxu,1
ZTF17aaaagcu,0
ZTF18aazcoob,1
ZTF17aacrdgv,1
ZTF17aaaaaqs,0
ZTF18aavrjih,1
ZTF17aaaadvl,0
ZTF17aaaagzd,0
ZTF18aatakbf,1
ZTF17aaaafvy,0
ZTF18aamkwkq,1
ZTF18aaziwjw,1
ZTF18aaxrlzg,1
ZTF17aacqfhl,1
ZTF17aaaaedj,0
ZTF17aaaacjo,0
ZTF17aaaziim,1
ZTF17aaaahsr,0
ZTF17aaaadie,0
ZTF17aaaabhs,0
ZTF18aawqnqp,1
ZTF18aazcuno,1
ZTF17aaaagoo,0
ZTF17aaaahln,0
ZTF17aaaaiht,0
ZTF18aaiykts,1
ZTF17aacqiky,1
ZTF17aaaahvq,0
ZTF17aaaajqr,0
ZTF17aaaaide,0
ZTF17aaaajgi,0
ZTF18aajgstb,1
ZTF17aacsdzk,1
ZTF17aacqfid,1
ZTF17aacseis,1
ZTF18aalbtom,1
ZTF17aaaxxhv,1
ZTF17aacrism,1
ZTF18aauzsdx,1
ZTF17aaaajia,0
ZTF17aaaahjh,0
ZTF17aaaadmx,0
ZTF17aaaaaow,0
ZTF17aaaajjx,0
ZTF17aaaajpm,0
ZTF17aacqqqf,1
ZTF18aaohwas,1
ZTF17aaaafko,0
ZTF17aaaafml,0
ZTF17aaaahhh,0
ZTF17aabduam,1
ZTF18aaizesz,1
ZTF17aaaahxf,0
ZTF17aaaaezh,0
ZTF17aaclogk,1
ZTF17aaaaghm,0
ZTF18aawbhdn,1
ZTF17aaaxmnr,1
ZTF17aaaadvm,0
ZTF17aaaahen,0
ZTF18aazdiki,1
ZTF18aaydcft,1
ZTF17aaaagyd,0
ZTF17aaaabam,0
ZTF17aaaajjs,0
ZTF18aaxsgmg,1
ZTF18aaxmjrf,1
ZTF17aaaaasl,0
ZTF17aaaaanx,0
ZTF17aaaajqg,0
ZTF18aawisdd,1
ZTF17aaaagwn,0
ZTF18abaefpr,1
ZTF17aaaajow,0
ZTF17aaaajor,0
ZTF18aaqnrum,1
ZTF18aaxuzjl,1
ZTF17aaaaeft,0
ZTF18aapgfpn,1
ZTF17aaaaaol,0
ZTF18aavuvfb,1
ZTF17aaaagat,0
ZTF17aaaahjf,0
ZTF17aaaajqx,0
ZTF17aaaabls,0
ZTF18aawiulg,1
ZTF18aayhnkn,1
ZTF18aavniyw,1
ZTF17aaaaito,0
ZTF17aacrkma,1
ZTF17aaaaffh,0
ZTF17aaaakaz,0
ZTF17aaaajna,0
ZTF17aaaahdd,0
ZTF18aaqexpa,1
ZTF17aacqrjf,1
ZTF17aaaaadw,0
ZTF17aaaahsw,0
ZTF17aaaaedz,0
ZTF17aaaagnr,0
ZTF17aaaerlq,1
ZTF17aabigyg,1
ZTF17aaaaegm,0
ZTF17aaaahiv,0
ZTF18aaxqsvf,1
ZTF18aazauta,1
ZTF17aaaaawe,0
ZTF17aaaabez,0
ZTF17aaclnoa,1
ZTF17aacrhob,1
ZTF18aazzpou,1
ZTF17aackdem,1
ZTF18aaruphf,1
ZTF17aaaagyz,0
ZTF17aaaafxd,0
ZTF18aaxtsjr,1
ZTF18aarvmxf,1
ZTF18aazxnle,1
ZTF17aaaagwi,0
ZTF17aaaaawc,0
ZTF17aacrieb,1
ZTF17aaaahih,0
ZTF17aaaaaoh,0
ZTF17aaaahhi,0
ZTF17aaaabpd,0
ZTF17aaaahdk,0
ZTF18aazclas,1
ZTF17aaaaeey,0
ZTF17aaauftj,1
ZTF17aaaaaas,0
ZTF17aabyrpz,1
ZTF17aaaajfd,0
ZTF18aakycpv,1
ZTF17aaaajqy,0
ZTF17aacokvt,1
ZTF18aaccmnh,1
ZTF17aaaafdq,0
ZTF17aaaajfp,0
ZTF18aazfjtb,1
ZTF17aaaaaxt,0
ZTF17aabcues,1
ZTF17aacrjgx,1
ZTF17aaazmqc,1
ZTF17aacrrdv,1
ZTF17aaaahgc,0
ZTF17aaaadip,0
ZTF17aaaaisn,0
ZTF18aapzruy,1
ZTF17aaaajtw,0
ZTF18aaxypml,1
ZTF17aabepbv,1
ZTF18aazyuyw,1
ZTF17aabldfy,1
ZTF17aaaafhd,0
ZTF17aaaadsi,0
ZTF17aacritt,1
ZTF17aaaafnd,0
ZTF17aaaajpy,0
ZTF17aacrjgr,1
ZTF18aayqgmm,1
ZTF17aaaajwv,0
ZTF17aaaacub,0
ZTF17aaaaird,0
ZTF17aaaaaqi,0
ZTF17aabbndx,1
ZTF18aaykuzt,1
ZTF18abacqpr,1
ZTF17aaaahfm,0
ZTF17aaaafln,0
ZTF17aaaaify,0
ZTF17aacpreq,1
ZTF18aarlndo,1
ZTF17aaaajro,0
ZTF17aaaafcu,0
ZTF17aaaaasw,0
ZTF17aaaakab,0
ZTF18aaxmjit,1
ZTF17aaaaarx,0
ZTF17aaaaasx,0
ZTF17aaaairf,0
ZTF18aaqjjco,1
ZTF17aabwlpy,1
ZTF18aaxvsip,1
ZTF18aarqjgu,1
ZTF17aaaaior,0
ZTF17aacqjjk,1
ZTF17aaaahik,0
ZTF17aaaajox,0
ZTF17aaaaing,0
ZTF17aacadsi,1
ZTF18aaaaorq,1
ZTF17aaasllo,1
ZTF17aaaafmt,0
ZTF17aaaaace,0
ZTF18aamxkpm,1
ZTF17aabbmhk,1
ZTF18aaszvmg,1
ZTF17aaaahqh,0
ZTF17aaaaaud,0
ZTF17aaaaeji,0
ZTF17aaaafez,0
ZTF17aaaaacp,0
ZTF17aaaajci,0
ZTF17aaaaghe,0
ZTF17aaaaaur,0
ZTF18aaxudrt,1
ZTF17aaaachu,0
ZTF17aacrhnq,1
ZTF17aaaajkj,0
ZTF17aacqjjf,1
ZTF18aawfprp,1
ZTF18aamsrqv,1
ZTF17aaaaieh,0
ZTF17aaaafip,0
ZTF17aaaabkt,0
ZTF17aaaadgq,0
ZTF18aazbkns,1
ZTF17aabixhf,1
ZTF18aazcier,1
ZTF17aabxlyx,1
ZTF17aaakpyo,1
ZTF17aacspdu,1
ZTF17aaaafam,0
ZTF18aavccnn,1
ZTF17aacadsj,1
ZTF17aaaajco,0
ZTF17aaaagob,0
ZTF18aawxvol,1
ZTF17aaaahjs,0
ZTF17aaaacpr,0
ZTF17aaaajum,0
ZTF17aaaaejb,0
ZTF17aaaaanq,0
ZTF17aaaailn,0
ZTF17aaaadvy,0
ZTF17aacqtbz,1
ZTF17aaaafbw,0
ZTF17aaaafct,0
ZTF17aaaafix,0
ZTF18aaxqwtg,1
ZTF17aaaafcc,0
ZTF17aaaaikk,0
ZTF17aaaaacq,0
ZTF17aaaajpj,0
ZTF18aayiucl,1
ZTF17aaaaapw,0
ZTF18aamvbnw,1
ZTF17aaaaeys,0
ZTF17aaaailw,0
ZTF18aaxdolg,1
ZTF17aabctuw,1
ZTF17aacrrda,1
ZTF17aacqqrs,1
ZTF17aaaagze,0
ZTF17aacsein,1
ZTF17aaaafzt,0
ZTF17aaaahmc,0
ZTF17aaaainf,0
ZTF18aamnepi,1
ZTF17aaaajfh,0
ZTF17aabicqy,1
ZTF17aaatuib,1
ZTF18aaygrst,1
ZTF17aaaaion,0
ZTF17aaaafjo,0
ZTF17aaaahbx,0
ZTF17aaaakao,0
ZTF18aayhebk,1
ZTF17aaaufwm,1
ZTF18aagterh,1
ZTF17aaaahth,0
ZTF17aacjvku,1
ZTF18aawcura,1
ZTF17aacrazx,1
ZTF18aaidjvu,1
ZTF17aaaahqx,0
ZTF17aaaafar,0
ZTF18aajibvf,1
ZTF17aaaajxx,0
ZTF17aaaaakr,0
ZTF17aaaahhu,0
ZTF17aaaajjw,0
ZTF17aabmovb,1
ZTF17aabpkcv,1
ZTF17aabicos,1
ZTF17aabxcjn,1
ZTF17aacqilx,1
ZTF18aatmlsy,1
ZTF17aacrkhp,1
ZTF17aaaacru,0
ZTF17aaaajii,0
ZTF18aawhkhi,1
ZTF17aaaagvx,0
ZTF18aawmxvg,1
ZTF18aatfujv,1
ZTF17aabcomo,1
ZTF17aacrzke,1
ZTF17aaaajhr,0
ZTF17aaaacdl,0
ZTF17aabikuw,1
ZTF18aazciuk,1
ZTF17aaaafkg,0
ZTF17aabigye,1
ZTF17aaaafxy,0
ZTF17aaaajfe,0
ZTF18aajurwl,1
ZTF17aaazgsj,1
ZTF17aacqhfh,1
ZTF17aaaaaqk,0
ZTF17aaccpam,1
ZTF18aahhwrl,1
ZTF18aathpmi,1
ZTF17aaaqkct,1
ZTF17aaaabhy,0
ZTF17aaaaegu,0
ZTF17aaaaeab,0
ZTF17aacqhdd,1
ZTF17aaaagoy,0
ZTF17aaaagbs,0
ZTF18aaxuzql,1
ZTF18aanmaam,1
ZTF17aaaajfw,0
ZTF17aaaacoy,0
ZTF17aaaadph,0
ZTF17aacqfhn,1
ZTF17aaaaavg,0
ZTF18aalxmmk,1
ZTF17aaaajpa,0
ZTF17aaaajwo,0
ZTF18aaynqky,1
ZTF17aaagqzz,1
ZTF17aaaahug,0
ZTF17aacrjgv,1
ZTF17aaaaijc,0
ZTF17aaaajhf,0
ZTF17aacrjhq,1
ZTF17aaaadxt,0
ZTF17aaaaath,0
ZTF17aacqayl,1
ZTF17aaaahuc,0
ZTF17aaaajfr,0
ZTF18aaxttvj,1
ZTF17aaaagfj,0
ZTF17aaaahsi,0
ZTF17aaaabsq,0
ZTF17aaaajku,0
ZTF17aaaaigf,0
ZTF17aaaaavh,0
ZTF17aaaabte,0
ZTF17aaaagzt,0
ZTF17aacadsb,1
ZTF17aaaaheg,0
ZTF17aaaagum,0
ZTF17aacqhzp,1
ZTF17aacrisd,1
ZTF18aaiijbb,1
ZTF17aaaajtz,0
ZTF17aaaafdo,0
ZTF17aaaahux,0
ZTF17aaaaivb,0
ZTF17aaaajts,0
ZTF18aalulvt,1
ZTF17aaaajgn,0
ZTF17aaccoll,1
ZTF17aabhzam,1
ZTF17aaaaayb,0
ZTF17aaaaikr,0
ZTF17aaaajtn,0
ZTF17aablpvo,1
ZTF17aaccmto,1
ZTF17aaaajrr,0
ZTF17aaaaaid,0
ZTF17aaaafdd,0
ZTF17aaaahfo,0
ZTF17aaaagpq,0
ZTF18aakpggd,1
ZTF17aacadvs,1
ZTF17aabaouj,1
ZTF18aazbsdq,1
ZTF17aaccrna,1
ZTF17aacriqs,1
ZTF17aacsjrg,1
ZTF17aacjzzk,1
ZTF18abacyvh,1
ZTF17aabwhpv,1
ZTF17aaaabpo,0
ZTF18aajvovq,1
ZTF17aaaaads,0
ZTF17aaaajgf,0
ZTF17aacqgys,1
ZTF17aabagxd,1
ZTF17aaaaawu,0
ZTF17aaaaabh,0
ZTF17aaaabmi,0
ZTF17aaaacbn,0
ZTF17aaaajmq,0
ZTF17aaaacnw,0
ZTF17aabikef,1
ZTF18aaaqbhp,1
ZTF18aaymwrl,1
ZTF18abacwnt,1
ZTF17aacqeuc,1
ZTF18aazrkgi,1
ZTF18aaqjvip,1
ZTF17aaaajrs,0
ZTF17aacrazy,1
ZTF17aaaadjv,0
ZTF18aauqdyb,1
ZTF18aamsxfh,1
ZTF17aaaaapc,0
ZTF17aaaafax,0
ZTF17aaaagxd,0
ZTF18aaqhurj,1
ZTF17aaaagto,0
ZTF17aacrdxc,1
ZTF18aazdobx,1
ZTF18aaxyrus,1
ZTF17aaaahae,0
ZTF17aacrihc,1
ZTF18aamvaeo,1
ZTF17aaaahgo,0
ZTF18aaxavqw,1
ZTF18aavynfd,1
ZTF17aaaaejv,0
ZTF17aaaaiex,0
ZTF18aaxbaes,1
ZTF18aakydmd,1
ZTF17aaaahzx,0
ZTF17aacsobk,1
ZTF17aacrjkb,1
ZTF17aaaahxw,0
ZTF18aapjmhw,1
ZTF17aaaaggv,0
ZTF17aaaajjk,0
ZTF18aasywuv,1
ZTF18aaqclsd,1
ZTF18aazceet,1
ZTF18aavroug,1
ZTF17aaaafyx,0
ZTF18aalqsqy,1
ZTF17aacrbqk,1
ZTF17aaaahct,0
ZTF17aackzos,1
ZTF18aaoytaz,1
ZTF17aacacyg,1
ZTF17aaaahkp,0
ZTF17aacrasx,1
ZTF17aaaahdo,0
ZTF18aaiuruv,1
ZTF17aacrksv,1
ZTF18aamxyco,1
ZTF18aawnbqa,1
ZTF18abaakih,1
ZTF17aaaafce,0
ZTF17aacrscm,1
ZTF18aaxtjpw,1
ZTF17aaaahxy,0
ZTF18aatkuav,1
ZTF17aaaaihr,0
ZTF18aavuxkx,1
ZTF17aaaadma,0
ZTF17aaazoyi,1
ZTF18aamqfes,1
ZTF17aaaaajd,0
ZTF18aaslhxt,1
ZTF17aaaahes,0
ZTF17aaaahrt,0
ZTF17aaaajjl,0
ZTF17aacqofd,1
ZTF17aaaabes,0
ZTF17aaaaimc,0
ZTF18aawrljh,1
ZTF18aaxlixn,1
ZTF17aabatjr,1
ZTF17aaaaiim,0
ZTF17aaaadac,0
ZTF17aacroww,1
ZTF17aacamhk,1
ZTF18aaqmkov,1
ZTF17aaaagph,0
ZTF17aaaajtc,0
ZTF18aaivluk,1
ZTF18aaysgup,1
ZTF17aaaabfk,0
ZTF17aaaafdm,0
ZTF17aabnzhr,1
ZTF17aaaaewj,0
ZTF17aaaakba,0
ZTF17aacjvrv,1
ZTF17aaaadwa,0
ZTF17aaaackw,0
ZTF17aaaafdv,0
ZTF17aaaaipr,0
ZTF17aacnmnp,1
ZTF17aacpqhj,1
ZTF17aaairbz,1
ZTF17aaaahqk,0
ZTF17aaaajym,0
ZTF17aaaajqm,0
ZTF17aaaahlo,0
ZTF17aaaadrw,0
ZTF17aacirrt,1
ZTF17aacrssl,1
ZTF17aaaahei,0
ZTF17aaaaijh,0
ZTF17aacqyga,1
ZTF17aabonrd,1
ZTF18aaxtiow,1
ZTF17aaaagtg,0
ZTF17aaclaiq,1
ZTF17aaaabas,0
ZTF18aayfthz,1
ZTF17aaaaegw,0
ZTF17aaaagxo,0
ZTF18aagwjcj,1
ZTF17aacaheq,1
ZTF17aaazgtn,1
ZTF17aaaahtw,0
ZTF17aaaajgk,0
ZTF17aaaaigg,0
ZTF17aaaairy,0
ZTF17aaaagvp,0
ZTF17aacrifk,1
ZTF17aaaacsw,0
ZTF17aacrxrx,1
ZTF18aauocnw,1
ZTF17aaaadmc,0
ZTF17aaaaicg,0
ZTF17aaaaihm,0
ZTF18aazyfbz,1
ZTF17aaaagod,0
ZTF17aacadag,1
ZTF17aaaajlo,0
ZTF17aacrpth,1
ZTF17aaaafdi,0
ZTF18aawlezq,1
ZTF17aabxcju,1
ZTF17aaaafpw,0
ZTF17aacqgac,1
ZTF18abadain,1
ZTF17aacqjiy,1
ZTF17aaaafdr,0
ZTF18aayfjtb,1
ZTF17aaaaast,0
ZTF18aazcmos,1
ZTF17aaaxivt,1
ZTF18aarnmzg,1
ZTF18aazybse,1
ZTF17aaaaaut,0
ZTF17aaaaedw,0
ZTF17aaazntf,1
ZTF17aaaafvx,0
ZTF17aaaajwq,0
ZTF17aaaaist,0
ZTF17aaaagai,0
ZTF17aaaecyt,1
ZTF17aaaafbi,0
ZTF18aaqzdge,1
ZTF17aaaaght,0
ZTF17aaaafmu,0
ZTF17aaaaatd,0
ZTF17aaaagej,0
ZTF17aabpmqf,1
ZTF18aazjdah,1
ZTF17aackxth,1
ZTF17aaaafmg,0
ZTF17aaaadqm,0
ZTF17aaaaegb,0
ZTF17aabwcyk,1
ZTF18aatbahj,1
ZTF17aacrifz,1
ZTF18aatggae,1
ZTF17aabieuw,1
ZTF17aaaaijx,0
ZTF17aaaabnz,0
ZTF17aabvowi,1
ZTF17aaaafyf,0
ZTF18aaynscm,1
ZTF18aanyhfb,1
ZTF17aaaajgo,0
ZTF18aarolod,1
ZTF17aaaajdf,0
ZTF17aabnppm,1
ZTF17aacrjgn,1
ZTF17aaaahog,0
ZTF17aaaadsl,0
ZTF17aacslue,1
ZTF17aaaahtl,0
ZTF17aaaahqu,0
ZTF17aaaajqn,0
ZTF17aaaadsg,0
ZTF18aauhzti,1
ZTF18aaydzcn,1
ZTF17aacadry,1
ZTF17aaaahlt,0
ZTF17aaaaigz,0
ZTF17aacrxwm,1
ZTF17aaaahuf,0
ZTF18aauyfjk,1
ZTF17aaaaapj,0
ZTF17aaaacgz,0
ZTF17aacqfhg,1
ZTF18abadceh,1
ZTF18aazikbi,1
ZTF17aacnycq,1
ZTF17aaaafeg,0
ZTF17aacmnac,1
ZTF17aaaajfn,0
ZTF18aaszbmj,1
ZTF17aacrknj,1
ZTF17aaaadqr,0
ZTF17aaaaayc,0
ZTF17aacqmio,1
ZTF17aaaacml,0
ZTF17aaaadse,0
ZTF17aaaabmk,0
ZTF17aaaahcw,0
ZTF17aaaabfs,0
ZTF18aazhuov,1
ZTF17aaazqrv,1
ZTF17aabyran,1
ZTF17aaaaiph,0
ZTF17aaaagyj,0
ZTF18aakebod,1
ZTF17aaaacak,0
ZTF17aaccgqf,1
ZTF18aawkebe,1
ZTF18aawqkva,1
ZTF17aacqegg,1
ZTF17aaaahzt,0
ZTF18aazekkh,1
ZTF17aaaailo,0
ZTF17aaaahpd,0
ZTF17aaaahuq,0
ZTF17aaaajpw,0
ZTF18aaqylkn,1
ZTF17aacqiln,1
ZTF17aaaaanm,0
ZTF17aacrdrg,1
ZTF18aawmerr,1
ZTF17aablduv,1
ZTF17aaaabfq,0
ZTF17aaaajml,0
ZTF17aaaahcb,0
ZTF17aacpqvj,1
ZTF17aaaahqg,0
ZTF17aaaaine,0
ZTF18aaxqrzv,1
ZTF18aavdkzj,1
ZTF17aaaagun,0
ZTF18aaavjyp,1
ZTF17aaaably,0
ZTF18aazxmmq,1
ZTF18aaxpvvx,1
ZTF17aabcljp,1
ZTF17aaaafgx,0
ZTF17aaaagpb,0
ZTF17aaaaajg,0
ZTF18aaxsxhg,1
ZTF17aaaafjf,0
ZTF17aaaabmu,0
ZTF18aamzqtg,1
ZTF18aaydcgo,1
ZTF17aacrirc,1
ZTF17aaaahxx,0
ZTF18aaspvma,1
ZTF18aakxpzs,1
ZTF18aavsygr,1
ZTF17aacrfae,1
ZTF17aacrjgq,1
ZTF17aaaaahl,0
ZTF18aawjyec,1
ZTF17aacqpkd,1
ZTF17aachskv,1
ZTF17aaaaffg,0
ZTF18aazxthg,1
ZTF17aaaahua,0
ZTF17aaaadko,0
ZTF17aaaagcw,0
ZTF17aabncoj,1
ZTF17aacqdst,1
ZTF17aaaacps,0
ZTF18aavygeg,1
ZTF17aaaafmy,0
ZTF17aaaahuz,0
ZTF17aacrmbf,1
ZTF17aabahhd,1
ZTF17aaaaaml,0
ZTF17aackkhu,1
ZTF17aaaajuh,0
ZTF17aaaafim,0
ZTF17aabhzbg,1
ZTF17aaaaicq,0
ZTF17aacsnkm,1
ZTF17aaaahtc,0
ZTF18aazyxga,1
ZTF17aaazgue,1
ZTF18aaquvvq,1
ZTF18aazddmb,1
ZTF17aaaaewg,0
ZTF17aaaajhq,0
ZTF17aaaagzn,0
ZTF17aaaaakt,0
ZTF17aacadeg,1
ZTF18ababiwl,1
ZTF18aawmegi,1
ZTF17aaaxnvw,1
ZTF17aaaabdp,0
ZTF18abaaxfj,1
ZTF18aaqwqlx,1
ZTF18aawrfcs,1
ZTF18aayhscw,1
ZTF17aaaahau,0
ZTF18aaznkfo,1
ZTF17aacnlip,1
ZTF17aaaajbp,0
ZTF17aaaajkq,0
ZTF17aaaaips,0
ZTF17aaaahuj,0
ZTF17aabldgl,1
ZTF17aaaaesf,0
ZTF17aaaaaey,0
ZTF17aabicsc,1
ZTF17aaaaidk,0
ZTF18aazbqvz,1
ZTF17aacqgct,1
ZTF17aaaakak,0
ZTF17aabxgec,1
ZTF17aabxjhx,1
ZTF17aabaotd,1
ZTF18aaxuhcq,1
ZTF17aaaaazh,0
ZTF18aayxvsn,1
ZTF17aaaajge,0
ZTF17aaaajra,0
ZTF17aabwtoq,1
ZTF17aaaajez,0
ZTF17aabeujv,1
ZTF17aacrptr,1
ZTF17aacqhzg,1
ZTF17aaaaiqx,0
ZTF17aacamgz,1
ZTF18aakycjm,1
ZTF17aabifrv,1
ZTF17aaaahto,0
ZTF17aabawrz,1
ZTF17aaaaimb,0
ZTF18aamwjan,1
ZTF17aaaahcs,0
ZTF17aaaagnf,0
ZTF18aaxcylh,1
ZTF17aaaaaig,0
ZTF17aacricv,1
ZTF17aacridu,1
ZTF18aaziaan,1
ZTF17aaccuhn,1
ZTF17aaaadvr,0
ZTF17aacrvui,1
ZTF18aawjnhy,1
ZTF17aaaagdt,0
ZTF17aaaaglz,0
ZTF18aawelui,1
ZTF17aacqimg,1
ZTF17aaaaikb,0
ZTF18abaagva,1
ZTF18aayhfzi,1
ZTF17aaaadlq,0
ZTF17aacadam,1
ZTF17aaaaaoi,0
ZTF18aaxuopa,1
ZTF17aaaaehz,0
ZTF17aackywy,1
ZTF18aamushu,1
ZTF18aaqcqvr,1
ZTF18aazmhml,1
ZTF17aacrfxo,1
ZTF17aabmyvk,1
ZTF17aaafhvn,1
ZTF18aayzwql,1
ZTF17aaaahsn,0
ZTF17aabnzex,1
ZTF18aarmgpr,1
ZTF17aaaairb,0
ZTF17aacqhzj,1
ZTF17aaaaghg,0
ZTF17aaaaafv,0
ZTF17aaaacsx,0
ZTF18abadvqv,1
ZTF18aaouopj,1
ZTF17aabeyiu,1
ZTF17aaccidy,1
ZTF17aaaajin,0
ZTF17aacbfxd,1
ZTF17aaaaiew,0
ZTF18aacornn,1
ZTF17aaaafik,0
ZTF17aaaajga,0
ZTF17aaaaiif,0
ZTF17aacrrah,1
ZTF17aaaaavx,0
ZTF17aacrkjy,1
ZTF18aazcimn,1
ZTF18aazhklh,1
ZTF18aavtxjk,1
ZTF18aazcqvk,1
ZTF17aacnmfv,1
ZTF17aaaaigq,0
ZTF18aaapvrx,1
ZTF18aaxmxsc,1
ZTF17aaaajyj,0
ZTF17aaaajhn,0
ZTF17aaaahch,0
ZTF17aaazguc,1
ZTF17aacsopc,1
ZTF18aaszpce,1
ZTF17aacsfox,1
ZTF18aayjosq,1
ZTF17aaaahtx,0
ZTF17aaaaiev,0
ZTF17aaaaiox,0
ZTF17aaaaiko,0
ZTF17aacrium,1
ZTF17aaaaisz,0
ZTF18abaebsv,1
ZTF18aayikrj,1
ZTF17aaaafxt,0
ZTF17aaaaeal,0
ZTF17aaaabal,0
ZTF18aauyyds,1
ZTF17aaaadyk,0
ZTF18aakztwr,1
ZTF17aabijkq,1
ZTF17aaaaarz,0
ZTF18aaqpekv,1
ZTF17aaaafmp,0
ZTF17aabicoj,1
ZTF17aackkxm,1
ZTF17aacrkpl,1
ZTF17aacpcum,1
ZTF17aackmix,1
ZTF17aacqqpw,1
ZTF17aaaaikd,0
ZTF18aazvmdj,1
ZTF17aacsnko,1
ZTF18aacaxml,1
ZTF17aacraqs,1
ZTF17aabggvx,1
ZTF17aaaajpg,0
ZTF17aaaxodj,1
ZTF17aacamgx,1
ZTF17aaaacnb,0
ZTF18aasrssa,1
ZTF17aaaaiae,0
ZTF17aaayyvj,1
ZTF17aabvral,1
ZTF18aaxucev,1
ZTF17aaapqjx,1
ZTF17aacrdjl,1
ZTF17aaaaaiw,0
ZTF17aaaaali,0
ZTF17aacrjke,1
ZTF18aaouezy,1
ZTF17aaaaiqf,0
ZTF17aacadab,1
ZTF18aazwmla,1
ZTF17aaaahok,0
ZTF18aawqzwc,1
ZTF17aaaabfi,0
ZTF17aabxczi,1
ZTF17aacmpvk,1
ZTF17aaaagpo,0
ZTF17aaarsle,1
ZTF17aacrirk,1
ZTF17aacqgcm,1
ZTF17aacsepk,1
ZTF17aaaagzb,0
ZTF17aaavkmv,1
ZTF17aaaaemx,0
ZTF18aaivcai,1
ZTF17aaaadml,0
ZTF18aaouuie,1
ZTF17aaayfhh,1
ZTF17aacmncs,1
ZTF18abaausi,1
ZTF17aaaadcf,0
ZTF18aaczkrd,1
ZTF17aaaqmca,1
ZTF18aaxgfvw,1
ZTF17aaaabnm,0
ZTF17aacacwh,1
ZTF17aacqmdd,1
ZTF17aaaagzw,0
ZTF18aaqogig,1
ZTF17aaaaicf,0
ZTF18aaxbkdv,1
ZTF17aaaagyi,0
ZTF17aaaadxn,0
ZTF17aacqhdy,1
ZTF17aaaajkg,0
ZTF17aaaahoz,0
ZTF18aaqceqh,1
ZTF17aacnepz,1
ZTF17aacrkim,1
ZTF17aaaaaby,0
ZTF17aacriso,1
ZTF17aacqtcq,1
ZTF17aaaafjm,0
ZTF17aaaahti,0
ZTF17aacqknk,1
ZTF18aaxokeg,1
ZTF17aaaajld,0
ZTF18aarbipk,1
ZTF17aaaaakj,0
ZTF17aaaaavb,0
ZTF17aaaagiy,0
ZTF17aaaaihu,0
ZTF18aazelkp,1
ZTF17aacrjfr,1
ZTF17aabwkbs,1
ZTF17aaaahlb,0
ZTF17aaaahvd,0
ZTF17aaaahmo,0
ZTF17aaaaiib,0
ZTF17aaaafbj,0
ZTF17aabbmix,1
ZTF18aauuajc,1
ZTF17aaaaigw,0
ZTF17aaaafiq,0
ZTF17aaaaain,0
ZTF17aaaadlb,0
ZTF17aaaabhr,0
ZTF17aaaaigr,0
ZTF17aaaaani,0
ZTF17aaaaiag,0
ZTF17aaaahim,0
ZTF17aacqibi,1
ZTF18aazbppj,1
ZTF17aacritm,1
ZTF17aaaajqp,0
ZTF17aaaahtu,0
ZTF17aaaacze,0
ZTF17aaaaigc,0
ZTF18aawxhil,1
ZTF17aaaahdp,0
ZTF17aaaaanc,0
ZTF17aaaadty,0
ZTF17aaaahxn,0
ZTF17aaaadkx,0
ZTF18aazbkij,1
ZTF18aavwdfc,1
ZTF17aacroxt,1
ZTF18abacmiu,1
ZTF17aacqhei,1
ZTF17aaaaanz,0
ZTF17aacqutv,1
ZTF17aabeoxi,1
ZTF17aacadee,1
ZTF18aanxlcr,1
ZTF18aazycuj,1
ZTF17aaaafbe,0
ZTF18aaowflj,1
ZTF17aacrknm,1
ZTF18aazikhi,1
ZTF18aaggfji,1
ZTF17aaaaajz,0
ZTF17aaaaavy,0
ZTF17aaaaaul,0
ZTF17aaaacmu,0
ZTF17aaaadff,0
ZTF17aaaaciq,0
ZTF17aaaaaxc,0
ZTF17aacriij,1
ZTF17aaaajyf,0
ZTF17aaaadxa,0
ZTF18abaebot,1
ZTF18aailslj,1
ZTF17aaaaanh,0
ZTF18aapbhra,1
ZTF18aauzauj,1
ZTF17aacrhnn,1
ZTF17aaaajuv,0
ZTF17aacrvxv,1
ZTF18aayehab,1
ZTF17aaaaewn,0
ZTF18aayiybq,1
ZTF17aacqqly,1
ZTF17aaaahbz,0
ZTF17aabownu,1
ZTF17aaaabbm,0
ZTF17aabfmjp,1
ZTF18aaxwjmp,1
ZTF18aarobdw,1
ZTF18aajhlny,1
ZTF18aaqeygf,1
ZTF17aabigjb,1
ZTF18aazarzq,1
ZTF18aarvzty,1
ZTF18aaynjon,1
ZTF17aaaaikt,0
ZTF17aaaajpf,0
ZTF18aaxqyod,1
ZTF17aabxesc,1
ZTF17aacmhnd,1
ZTF17aaaaafj,0
ZTF17aacqkss,1
ZTF17aacrdst,1
ZTF18aayhuzi,1
ZTF17aaaahgr,0
ZTF17aaaafxc,0
ZTF17aaaytlc,1
ZTF17aaaahaj,0
ZTF17aaaagqs,0
ZTF17aaaaiha,0
ZTF17aaaabov,0
ZTF17aabepbf,1
ZTF18abaawck,1
ZTF17aaaacfq,0
ZTF17aacqjjm,1
ZTF17aaaakad,0
ZTF17aaaafff,0
ZTF18aaitjpp,1
ZTF17aaaajgp,0
ZTF17aaaaaxr,0
ZTF17aaaajiv,0
ZTF18aadrftk,1
ZTF18aagzazs,1
ZTF18aaxtrin,1
ZTF18aarrauy,1
ZTF17aaaajsg,0
ZTF18aaxtcbj,1
ZTF17aacqlzm,1
ZTF17aacrjir,1
ZTF17aaaafch,0
ZTF17aaaafvz,0
ZTF17aaaahml,0
ZTF17aacnuqh,1
ZTF17aabxddk,1
ZTF18aaizerg,1
ZTF17aacksis,1
ZTF17aacrknw,1
ZTF17aaaagnv,0
ZTF18aayjixw,1
ZTF18aaiztvx,1
ZTF17aaaaahr,0
ZTF17aabjbks,1
ZTF17aaaeirt,1
ZTF17aaaaffj,0
ZTF17aaaafir,0
ZTF17aaaahmg,0
ZTF18abaadfo,1
ZTF17aaaafhx,0
ZTF17aaaafig,0
ZTF17aaaafib,0
ZTF17aacqplb,1
ZTF18aatahkx,1
ZTF17aacrhnp,1
ZTF17aaaaiiq,0
ZTF18aayksuo,1
ZTF17aaaahhr,0
ZTF17aacrafj,1
ZTF17aaaajjt,0
ZTF17aaazbss,1
ZTF17aaaafia,0
ZTF17aacqjir,1
ZTF17aabemqi,1
ZTF18abadvnr,1
ZTF17aaaahkk,0
ZTF17aaaaait,0
ZTF17aaaaile,0
ZTF17aaaabmy,0
ZTF17aaaahay,0
ZTF18aaqrdyz,1
ZTF17aaaahfq,0
ZTF17aaaafne,0
ZTF17aacrfwv,1
ZTF17aaaaenp,0
ZTF17aaaacqj,0
ZTF17aabcomn,1
ZTF17aabcspm,1
ZTF18aazatll,1
ZTF17aaaahqs,0
ZTF17aaaacnc,0
ZTF17aaaafke,0
ZTF17aabafyr,1
ZTF18abadpqj,1
ZTF17aaaadsk,0
ZTF17aacrire,1
ZTF17aaaagvn,0
ZTF18abacxbc,1
ZTF17aaaahfp,0
ZTF17aaaaisi,0
ZTF18aasvydn,1
ZTF17aaaafef,0
ZTF17aaaqldq,1
ZTF18aaylkue,1
ZTF17aabxbnj,1
ZTF18aaszvnc,1
ZTF17aaaqwof,1
ZTF18aaxasdd,1
ZTF17aacqfhh,1
ZTF17aaaaitr,0
ZTF17aaaaeqb,0
ZTF17aacrirg,1
ZTF17aaaajar,0
ZTF17aaaahkx,0
ZTF17aaaaabs,0
ZTF17aacrvvr,1
ZTF17aaaahij,0
ZTF17aacnllh,1
ZTF17aaaahuw,0
ZTF17aaaajnk,0
ZTF17aaaaane,0
ZTF18aamgxqj,1
ZTF17aabamxv,1
ZTF17aaaaiuy,0
ZTF18abacutf,1
ZTF17aacrvvf,1
ZTF17aabvmck,1
ZTF17aaaaarv,0
ZTF17aaaadgl,0
ZTF17aaaaasb,0
ZTF17aaaahub,0
ZTF17aaaaayy,0
ZTF17aacrjgl,1
ZTF18aazsqqw,1
ZTF17aaazycv,1
ZTF18aapifti,1
ZTF17aacrhms,1
ZTF17aacrkhq,1
ZTF17aaaaici,0
ZTF17aaaptbj,1
ZTF17aaaaabq,0
ZTF18aamykhr,1
ZTF17aacqijv,1
ZTF17aacpstm,1
ZTF18aawdrem,1
ZTF18abaebki,1
ZTF17aaaaflj,0
ZTF17aacqtgt,1
ZTF17aaatuvg,1
ZTF17aacsdgs,1
ZTF18aasvujt,1
ZTF17aaaajtm,0
ZTF18aazhwls,1
ZTF18aaouidp,1
ZTF18aaqcugm,1
ZTF17aacrknd,1
ZTF18aarwskk,1
ZTF17aaaaerc,0
ZTF17aaaahhj,0
ZTF17aacrhsr,1
ZTF17aaaaafu,0
ZTF17aaaaidi,0
ZTF17aaaafkd,0
ZTF17aackmey,1
ZTF17aaaaigy,0
ZTF17aabijfo,1
ZTF17aacqhvo,1
ZTF17aaaytcx,1
ZTF18aaxlyst,1
ZTF17aacrreg,1
ZTF17aaaaalr,0
ZTF18aamuvch,1
ZTF17aaaajxa,0
ZTF17aaapqrp,1
ZTF18aatezfu,1
ZTF17aaaahlk,0
ZTF17aaaaaho,0
ZTF17aacjyqv,1
ZTF18aayqwes,1
ZTF17aaccxau,1
ZTF17aaaajkk,0
ZTF18aawrujs,1
ZTF17aacrqqe,1
ZTF17aaaagyy,0
ZTF17aacqhdo,1
ZTF17aacajxt,1
ZTF17aacrkmm,1
ZTF17aaaaatr,0
ZTF17aaaaalm,0
ZTF18aasqvhz,1
ZTF17aaccgtp,1
ZTF17aaaahft,0
ZTF17aacrdqx,1
ZTF17aacrkpk,1
ZTF17aaaahex,0
ZTF17aaaaibt,0
ZTF17aaaajjy,0
ZTF17aaaagiu,0
ZTF17aaaahfl,0
ZTF17aaaajjo,0
ZTF17aaaafmk,0
ZTF17aaaahmj,0
ZTF17aaaafjk,0
ZTF17aaaagpl,0
ZTF18aasyldf,1
ZTF17aaaainp,0
ZTF17aacrjut,1
ZTF17aaaxljc,1
ZTF17aacqhdj,1
ZTF17aaaaazi,0
ZTF18aazzxug,1
ZTF17aaaafkq,0
ZTF17aabaosi,1
ZTF17aaaagoj,0
ZTF17aacqikk,1
ZTF18aaikyip,1
ZTF17aaaaicx,0
ZTF17aaaacgp,0
ZTF17aaafakz,1
ZTF17aaaabdr,0
ZTF17aaaadni,0
ZTF17aaaafxw,0
ZTF17aaaadwv,0
ZTF17aaaahzu,0
ZTF17aaaaenu,0
ZTF17aaaakas,0
ZTF17aaaafzc,0
ZTF17aabulai,1
ZTF17aaaaioq,0
ZTF17aaaazwi,1
ZTF17aabisjn,1
ZTF17aaaaiiy,0
ZTF17aaaahmr,0
ZTF17aaawzuh,1
ZTF17aaaahss,0
ZTF17aaaairv,0
ZTF17aaaagoc,0
ZTF17aacqhzy,1
ZTF17aacrhmk,1
ZTF18aasfpxf,1
ZTF17aaaajwu,0
ZTF18aazdylm,1
ZTF17aaaadgd,0
ZTF17aacraqp,1
ZTF18aaxuorg,1
ZTF17aacirrk,1
ZTF17aaaaafs,0
ZTF17aabievh,1
ZTF17aaaahiw,0
ZTF18aaxunpl,1
ZTF17aabioxg,1
ZTF17aaaaiqv,0
ZTF17aaceoho,1
ZTF17aaaaiaj,0
ZTF18aarvxrs,1
ZTF17aaaabbo,0
ZTF17aaaaiel,0
ZTF17aaaaiwl,0
ZTF17aaaafjq,0
ZTF17aacrjhd,1
ZTF17aaccnbh,1
ZTF17aaaaatb,0
ZTF17aacrvus,1
ZTF17aacrkht,1
ZTF18aayegrx,1
ZTF17aaaagah,0
ZTF17aaaadsh,0
ZTF18aavvaqd,1
ZTF18aazxnwr,1
ZTF18abacvpc,1
ZTF17aaaagpg,0
ZTF17aaaahtk,0
ZTF18aacemcn,1
ZTF17aacrknn,1
ZTF18aaxiuyp,1
ZTF18aawruja,1
ZTF17aaaahdq,0
ZTF17aaaaiid,0
ZTF17aaaaerp,0
ZTF18aaxqfrr,1
ZTF17aaazvdi,1
ZTF17aaaahsl,0
ZTF17aacrmbl,1
ZTF17aaaafjg,0
ZTF18aayeocd,1
ZTF18aaxqorn,1
ZTF17aabulaj,1
ZTF18aahqbgb,1
ZTF17aaaajmw,0
ZTF17aaaadix,0
ZTF17aacrvov,1
ZTF17aaaaamk,0
ZTF17aabbneb,1
ZTF17aaaabel,0
ZTF17aacrbvl,1
ZTF18aaxnhpc,1
ZTF17aaaajjh,0
ZTF17aacsjkh,1
ZTF17aacriel,1
ZTF17aacqegl,1
ZTF17aacadsf,1
ZTF17aaaajiu,0
ZTF17aaaaigm,0
ZTF17aaaafjd,0
ZTF18aazidgj,1
ZTF17aaaaezp,0
ZTF17aaaahie,0
ZTF17aaaaimv,0
ZTF17aaaahpg,0
ZTF18aarkcxh,1
ZTF18abaappp,1
ZTF17aaaahhc,0
ZTF17aabeukb,1
ZTF17aaaajfk,0
ZTF18aaweuwp,1
ZTF17aacqgce,1
ZTF18aagyxds,1
ZTF17aaazhob,1
ZTF17aaaagme,0
ZTF17aaaaijo,0
ZTF17aaaaaue,0
ZTF17aaaajxu,0
ZTF17aackxdj,1
ZTF18aajdpdf,1
ZTF18aakyddg,1
ZTF17aaaaber,0
ZTF17aaaaimg,0
ZTF17aaaahsk,0
ZTF17aaaaacm,0
ZTF17aackqvm,1
ZTF17aacqpjg,1
ZTF17aaaaheh,0
ZTF17aacrkoj,1
ZTF18aawitry,1
ZTF17aaaaamg,0
ZTF18aaaelxu,1
ZTF18aawsfbk,1
ZTF17aaaajzo,0
ZTF17aaaaeug,0
ZTF17aaaagzv,0
ZTF18aakycbv,1
ZTF17aabndoh,1
ZTF18aaszvfn,1
ZTF18aaqzcvy,1
ZTF17aaaadit,0
ZTF17aaazuvg,1
ZTF18aarfpdd,1
ZTF17aaaadxh,0
ZTF17aaaairz,0
ZTF18aazgeqs,1
ZTF18aauadic,1
ZTF18aaxndfy,1
ZTF17aaaagqm,0
ZTF18aayxsvx,1
ZTF17aaaagqr,0
ZTF17aaaabzp,0
ZTF17aacqcys,1
ZTF17aabafyx,1
ZTF18abadmjt,1
ZTF17aaaabah,0
ZTF17aacqfhv,1
ZTF17aaaajnn,0
ZTF17aaaaiol,0
ZTF17aacnliv,1
ZTF17aaaprwd,1
ZTF17aaaacgb,0
ZTF17aaaaitd,0
ZTF18aawtklf,1
ZTF17aaaaisb,0
ZTF17aaaahkl,0
ZTF17aaaaavr,0
ZTF17aaaajvu,0
ZTF17aaaagwz,0
ZTF17aaaaasp,0
ZTF17aaaajdq,0
ZTF18aaowtgn,1
ZTF17aaaaikn,0
ZTF17aaaajyg,0
ZTF17aaaafbr,0
ZTF17aaaafud,0
ZTF17aaaaica,0
ZTF17aaaagnh,0
ZTF17aaaafdn,0
ZTF17aaakefk,1
ZTF17aaaajbi,0
ZTF17aaaahcx,0
ZTF17aaaaapl,0
ZTF17aabnzgm,1
ZTF17aaaahlz,0
ZTF17aaaabaj,0
ZTF17aacnmgl,1
ZTF17aaaahdg,0
ZTF17aaaacno,0
ZTF17aaaaike,0
ZTF18aagterf,1
ZTF17aacqikf,1
ZTF17aaaaaik,0
ZTF17aaaagqi,0
ZTF17aaaagtk,0
ZTF18aaxussn,1
ZTF18abaduze,1
ZTF17aaaacgg,0
ZTF17aaaadmh,0
ZTF17aaaaatt,0
ZTF17aaaailt,0
ZTF17aaaahxs,0
ZTF17aaaafak,0
ZTF18aazvdoy,1
ZTF18aasixdk,1
ZTF17aaaabfb,0
ZTF17aaaaibh,0
ZTF17aaaaaun,0
ZTF17aaaysxw,1
ZTF17aabwcfs,1
ZTF18aayydwk,1
ZTF17aaaprvi,1
ZTF17aaaafmh,0
ZTF18aahfqbc,1
ZTF17aaaaios,0
ZTF17aacsdjt,1
ZTF17aaaagoi,0
ZTF17aaaagqc,0
ZTF17aacriur,1
ZTF18aasxaiu,1
ZTF17aaaaidr,0
ZTF17aacnycl,1
ZTF17aaaaiqc,0
ZTF17aaaafaq,0
ZTF17aaaadiz,0
ZTF17aabijmz,1
ZTF17aaaafav,0
ZTF18aaxxfgs,1
ZTF18aauuqrh,1
ZTF18aajkiog,1
ZTF17aaaxnwc,1
ZTF17aaaagig,0
ZTF17aacqzvi,1
ZTF18aaztlgy,1
ZTF17aaaabjr,0
ZTF17aaccpzl,1
ZTF17aaaafiv,0
ZTF18aavuvqs,1
ZTF17aaaajsj,0
ZTF17aacqhzc,1
ZTF18aaypwsq,1
ZTF17aaaaakn,0
ZTF18aavribu,1
ZTF17aackcly,1
ZTF17aaaabfu,0
ZTF17aaaaiit,0
ZTF17aaaahad,0
ZTF17aablvze,1
ZTF18aawpsdc,1
ZTF17aaaajnr,0
ZTF18aaywkpf,1
ZTF17aaaahun,0
ZTF17aaaaark,0
ZTF17aabwtok,1
ZTF17aaaaimt,0
ZTF17aacrkiz,1
ZTF18aakdxos,1
ZTF17aacsnkr,1
ZTF17aaaajbn,0
ZTF18aazgfkq,1
ZTF17aaaaany,0
ZTF17aaaahur,0
ZTF18aaqcimr,1
ZTF18aayleaj,1
ZTF17aaaaadv,0
ZTF17aaaahhz,0
ZTF17aaaafbq,0
ZTF17aaaaivm,0
ZTF17aaaaekb,0
ZTF18aaynlhp,1
ZTF17aaaagzf,0
ZTF17aaaajfc,0
ZTF17aabxcjw,1
ZTF17aaaajhb,0
ZTF17aaaadwo,0
ZTF17aaaaitf,0
ZTF17aaaaitp,0
ZTF18aayyybl,1
ZTF17aaaaewe,0
ZTF17aaaabaw,0
ZTF17aaaahjn,0
ZTF17aaaajkb,0
ZTF18aayyeoi,1
ZTF17aacsnlh,1
ZTF17aaaagtm,0
ZTF17aaaaflw,0
ZTF17aaaabmg,0
ZTF17aaaafkp,0
ZTF17aaaagyn,0
ZTF17aaazwof,1
ZTF17aaayrpn,1
ZTF18aaouulz,1
ZTF17aaaahlp,0
ZTF18aaylcvm,1
ZTF17aaaajpz,0
ZTF17aaaaarc,0
ZTF18aanxxdo,1
ZTF17aaaafoe,0
ZTF17aacajgc,1
ZTF17aaaajps,0
ZTF17aaaaawx,0
ZTF18aaykmxx,1
ZTF17aaaabdq,0
ZTF18aaowzhk,1
ZTF18aawygfy,1
ZTF17aaaaina,0
ZTF17aacpbzv,1
ZTF17aaaacen,0
ZTF18aazwvad,1
ZTF17aaaajmc,0
ZTF17aaaafgn,0
ZTF17aaaahut,0
ZTF17aaaaiqs,0
ZTF17aacrbpr,1
ZTF17aaaaipb,0
ZTF17aacpmzz,1
ZTF18aawjxgs,1
ZTF17aacrqpz,1
ZTF17aaaahsz,0
ZTF17aacnmny,1
ZTF17aabunpy,1
ZTF17aaaaala,0
ZTF18aaouoit,1
ZTF18aaxyuxr,1
ZTF17aaaahve,0
ZTF18abadzpk,1
ZTF18aazoexh,1
ZTF17aacqgcn,1
ZTF18aavwnkn,1
ZTF17aaaahcj,0
ZTF18aauebur,1
ZTF17aaasjje,1
ZTF17aaaafdk,0
ZTF17aaarzsu,1
ZTF17aaaaeih,0
ZTF17aaaadvs,0
ZTF17aaazrbp,1
ZTF17aaaahfw,0
ZTF17aacjugf,1
ZTF18aaxsfuy,1
ZTF18aazauwh,1
ZTF17aaaaaxi,0
ZTF17aaaaehw,0
ZTF17aacqhdi,1
ZTF17aaakeac,1
ZTF17aaccole,1
ZTF17aaaadjd,0
ZTF18aatbhsx,1
ZTF18aaygwpy,1
ZTF17aaaaily,0
ZTF18aaxsxdb,1
ZTF17aacadsx,1
ZTF17aaaafcl,0
ZTF17aaaajqk,0
ZTF18aayhbic,1
ZTF17aaaabmj,0
ZTF18aazgmjl,1
ZTF17aaaajkh,0
ZTF18aavrhmq,1
ZTF17aaaahht,0
ZTF17aaaaiix,0
ZTF17aaaahls,0
ZTF17aacacwi,1
ZTF18aawjhmu,1
ZTF18aawdllh,1
ZTF17aaaaaoz,0
ZTF17aaaagnd,0
ZTF18aarioqj,1
ZTF17aaaaciw,0
ZTF17aaaadnl,0
ZTF18aaszfhi,1
ZTF17aacnybx,1
ZTF17aaaagup,0
ZTF17aaaajka,0
ZTF17aacqims,1
ZTF17aabicob,1
ZTF17aacrihe,1
ZTF17aacrklx,1
ZTF17aabewgp,1
ZTF18aaywevj,1
ZTF17aaaaihy,0
ZTF18aavnkxt,1
ZTF18aakyczh,1
ZTF17aaaafit,0
ZTF17aaaaael,0
ZTF17aaaajvr,0
ZTF18aawdnxu,1
ZTF17aacrjgf,1
ZTF17aaaafjv,0
ZTF17aacsdyz,1
ZTF17aaaafws,0
ZTF17aaaaiqy,0
ZTF17aacrenq,1
ZTF17aaaajhp,0
ZTF17aaaaauj,0
ZTF18aarwjli,1
ZTF18aaxzcsn,1
ZTF17aacmpgc,1
ZTF18aarucqm,1
ZTF17aacrkpe,1
ZTF17aaaaicm,0
ZTF18aazhxmr,1
ZTF17aaaafdu,0
ZTF17aaaahee,0
ZTF17aaatuwo,1
ZTF17aacrdre,1
ZTF17aaaaisu,0
ZTF17aacrjkj,1
ZTF17aaaajgy,0
ZTF17aaaaglw,0
ZTF17aaaajoz,0
ZTF18aazywty,1
ZTF17aaaaico,0
ZTF17aaaaarf,0
ZTF17aaazgtp,1
ZTF17aacrkiy,1
ZTF17aaaaanu,0
ZTF17aaaahpe,0
ZTF17aabacqn,1
ZTF18aayfyeq,1
ZTF17aaaaezr,0
ZTF17aaaaids,0
ZTF17aaadbvh,1
ZTF17aacrkmc,1
ZTF18aaxxnil,1
ZTF17aaaairp,0
ZTF18aawfami,1
ZTF18aamstrn,1
ZTF17aabukcm,1
ZTF17aacqhvh,1
ZTF18aayiono,1
ZTF18aawovrx,1
ZTF17aaaafbg,0
ZTF17aacqgep,1
ZTF18aakhwnf,1
ZTF17aaaadtd,0
ZTF17aaaafww,0
ZTF17aaaajfq,0
ZTF18aawldxu,1
ZTF17aaaahke,0
ZTF17aaazihf,1
ZTF18aavutsu,1
ZTF17aaaaezm,0
ZTF17aaaaiql,0
ZTF17aaaahty,0
ZTF17aacrmau,1
ZTF17aaaahuv,0
ZTF17aaaahgl,0
ZTF17aaaahkb,0
ZTF17aackzba,1
ZTF18aawqbtz,1
ZTF17aaaahcg,0
ZTF18aawpqgd,1
ZTF17aaaahxi,0
ZTF17aaaahco,0
ZTF17aaaacet,0
ZTF17aacqofm,1
ZTF17aaaaiua,0
ZTF17aaaadev,0
ZTF17aaaagfp,0
ZTF17aaaaayx,0
ZTF18aayklrm,1
ZTF18aavusfa,1
ZTF17aaaageh,0
ZTF17aacnoyz,1
ZTF17aacqiam,1
ZTF17aacrjgj,1
ZTF17aacnczs,1
ZTF17aabukcq,1
ZTF17aaaafjw,0
ZTF17aaaajll,0
ZTF17aacqofn,1
ZTF17aaaaifi,0
ZTF17aaaagti,0
ZTF17aaaaioe,0
ZTF17aaaajys,0
ZTF18aaxxewy,1
ZTF18aawigkf,1
ZTF17aacrdlv,1
ZTF17aaaagzp,0
ZTF17aacsnkf,1
ZTF17aaaaibp,0
ZTF17aabiwsm,1
ZTF17aaaahxo,0
ZTF17aaaaadq,0
ZTF17aaaaata,0
ZTF18aazekwe,1
ZTF17aacchwc,1
ZTF17aaaajlk,0
ZTF17aaaoinp,1
ZTF17aaaacth,0
ZTF17aaaajjb,0
ZTF17aackkxl,1
ZTF17aaaahuu,0
ZTF18aazbmxw,1
ZTF17aaaahns,0
ZTF17aaatdoq,1
ZTF18aatyqyd,1
ZTF17aaaahxu,0
ZTF17aabuoav,1
ZTF17aaaahgp,0
ZTF17aaaaimn,0
ZTF17aaaaald,0
ZTF17aacslmr,1
ZTF17aaaaaiq,0
ZTF17aaaxnvt,1
ZTF18aaxpnan,1
ZTF17aaaafxh,0
ZTF17aacrvxf,1
ZTF18aayfbej,1
ZTF18aaztolp,1
ZTF18aazacaq,1
ZTF17aaatvcw,1
ZTF18aavtkyd,1
ZTF18aazhktp,1
ZTF18aaztbtz,1
ZTF17aaaahka,0
ZTF17aaaaasq,0
ZTF17aacriif,1
ZTF17aaaajiy,0
ZTF18aadsnwd,1
ZTF17aaaabdt,0
ZTF17aacqfdg,1
ZTF17aaaaaif,0
ZTF17aaaajvs,0
ZTF18aazflwt,1
ZTF17aaaaedl,0
ZTF17aaaadlp,0
ZTF17aacsnks,1
ZTF18aayngfd,1
ZTF18aazfmpy,1
ZTF18aallqux,1
ZTF17aaaaamx,0
ZTF17aacqkoy,1
ZTF17aacrigt,1
ZTF17aaaajqu,0
ZTF17aacqhzk,1
ZTF17aaaafld,0
ZTF17aaaahix,0
ZTF17aaaafwo,0
ZTF18aamyxol,1
ZTF17aaaajoy,0
ZTF17aacqcyv,1
ZTF17aaaacug,0
ZTF17aaaainz,0
ZTF17aaaywmt,1
ZTF17aacrdex,1
ZTF18aaxgwpl,1
ZTF18aaznlju,1
ZTF17aaaafbd,0
ZTF17aaaahnv,0
ZTF17aaccjrl,1
ZTF17aaaabak,0
ZTF18aazckxp,1
ZTF17aaaails,0
ZTF17aacriia,1
ZTF18aaqkrvo,1
ZTF17aacrith,1
ZTF17aaazfsv,1
ZTF18aazcjut,1
ZTF17aacrath,1
ZTF17aaaahpm,0
ZTF17aacahsz,1
ZTF17aaaadju,0
ZTF17aaaaaxa,0
ZTF17aaaaart,0
ZTF17aaaadxe,0
ZTF17aaaaies,0
ZTF17aaaafew,0
ZTF17aabduag,1
ZTF17aacpshy,1
ZTF18aatezaj,1
ZTF17aaaahng,0
ZTF17aaaaacy,0
ZTF17aaaajyw,0
ZTF17aaaaavz,0
ZTF18aarotht,1
ZTF17aacrdkn,1
ZTF18aaztdln,1
ZTF17aaaahar,0
ZTF17aacraqt,1
ZTF17aackcpf,1
ZTF18aazdeeo,1
ZTF18aaabiok,1
ZTF17aacqimm,1
ZTF17aabusdi,1
ZTF17aaaaaiv,0
ZTF17aaaadxj,0
ZTF17aaaaibk,0
ZTF17aaaahii,0
ZTF17aacrkhd,1
ZTF18aatjmcx,1
ZTF18aazekfw,1
ZTF18aahhqih,1
ZTF17aaazifv,1
ZTF17aaaaann,0
ZTF18aapxnju,1
ZTF18aatlfus,1
ZTF18aamvamz,1
ZTF17aacspfd,1
ZTF17aaaxlje,1
ZTF18aankjav,1
ZTF17aaaaava,0
ZTF18aawhrjb,1
ZTF17aaaaiiv,0
ZTF17aacrigu,1
ZTF17aaaahid,0
ZTF17aacrito,1
ZTF18aawudwn,1
ZTF17aaaajyn,0
ZTF17aacriui,1
ZTF17aaaajhk,0
ZTF17aaaadvz,0
ZTF17aaaaaan,0
ZTF17aaaahir,0
ZTF18aaxssqr,1
ZTF17aaaahhq,0
ZTF17aaaafer,0
ZTF17aaaaibo,0
ZTF17aaaadwg,0
ZTF17aaaajnv,0
ZTF18aaxcfbt,1
ZTF17aaaadsm,0
ZTF17aaaahdi,0
ZTF17aaaaffb,0
ZTF17aacrboi,1
ZTF17aaaaghf,0
ZTF17aackxus,1
ZTF18aaufbbz,1
ZTF17aabxbah,1
ZTF17aacrhox,1
ZTF17aaaaefu,0
ZTF17aacrjkl,1
ZTF18aaxsxhf,1
ZTF18aaviqmj,1
ZTF18aavjcpf,1
ZTF17aaaaayq,0
ZTF17aaaaiqd,0
ZTF17aacroxf,1
ZTF17aacrehm,1
ZTF17aaaafio,0
ZTF17aaaafmd,0
ZTF17aaaahlg,0
ZTF17aaaaaxm,0
ZTF17aabepbe,1
ZTF17aacmpvl,1
ZTF18aawrskb,1
ZTF17aaaajuj,0
ZTF17aaaadhc,0
ZTF18aarrffk,1
ZTF17aaaakay,0
ZTF18aaiydyr,1
ZTF17aaaaewh,0
ZTF17aaaacqb,0
ZTF17aacrhmg,1
ZTF17aaaaflh,0
ZTF17aabndrf,1
ZTF17aaaadqf,0
ZTF18aaytios,1
ZTF17aaaaabc,0
ZTF17aaaagxe,0
ZTF17aaaaaxn,0
ZTF17aaaaidx,0
ZTF17aaaacpz,0
ZTF17aacrrdg,1
ZTF17aaaajcu,0
ZTF17aaaahul,0
ZTF17aacrdqa,1
ZTF17aaaagfb,0
ZTF17aacqijx,1
ZTF17aaaaifz,0
ZTF18aaxsfqn,1
ZTF17aaapphg,1
ZTF17aaaaith,0
ZTF17aaaajkw,0
ZTF17aaazefa,1
ZTF18abaeacr,1
ZTF17aaaaaru,0
ZTF18aaszoxf,1
ZTF17aabwkci,1
ZTF18aarpqof,1
ZTF17aaaaanp,0
ZTF18aanbmyj,1
ZTF17aaaahxq,0
ZTF17aaaahin,0
ZTF17aaaaiho,0
ZTF18aaspqfv,1
ZTF17aacqmcv,1
ZTF18aahhffw,1
ZTF18aaxyruv,1
ZTF18aazcieq,1
ZTF17aaaabag,0
ZTF17aaaahmh,0
ZTF17aaaaihl,0
ZTF17aaaahbw,0
ZTF17aaaaaob,0
ZTF18aayauuy,1
ZTF18aagzlqf,1
ZTF17aacrigd,1
ZTF17aaaairr,0
ZTF17aaaagdn,0
ZTF17aaaahpa,0
ZTF17aaaafcb,0
ZTF17aacrisw,1
ZTF17aaaaakl,0
ZTF17aaaahpi,0
ZTF17aaaahaa,0
ZTF17aaaafet,0
ZTF17aacrbtg,1
ZTF18aasxhzi,1
ZTF18aasajmq,1
ZTF17aaaajhw,0
ZTF17aaaaghs,0
ZTF18aainadt,1
ZTF17aaaahgk,0
ZTF17aaaaiih,0
ZTF17aacqfhp,1
ZTF17aaazwoz,1
ZTF17aaaaeeu,0
ZTF17aaaaawq,0
ZTF17aaaaasd,0
ZTF17aaaajkn,0
ZTF17aabjbpx,1
ZTF17aaaagdq,0
ZTF17aacadah,1
ZTF17aaaajjn,0
ZTF17aaaahtz,0
ZTF17aaaaggi,0
ZTF17aaccuyb,1
ZTF17aacrkmo,1
ZTF17aacqffw,1
ZTF18aaxjogz,1
ZTF17aacrwxf,1
ZTF17aaaaigo,0
ZTF18aauqldo,1
ZTF18aatoeod,1
ZTF17aaaahkh,0
ZTF17aaaaidd,0
ZTF18aakybym,1
ZTF17aaaajwx,0
ZTF17aaaajky,0
ZTF17aaaaaea,0
ZTF17aaaaefq,0
ZTF17aaaajfv,0
ZTF17aacriqg,1
ZTF17aacqqiy,1
ZTF18aayhzic,1
ZTF17aaazpal,1
ZTF17aaaafnb,0
ZTF18aaxpvfs,1
ZTF17aacrjfu,1
ZTF17aacryep,1
ZTF17aaaaalw,0
ZTF17aaaahkv,0
ZTF18abacenj,1
ZTF18aauzldt,1
ZTF17aaaaalt,0
ZTF17aaaaawp,0
ZTF17aaaaesg,0
ZTF17aabiegs,1
ZTF17aaaairh,0
ZTF17aacrdxj,1
ZTF17aaaaahf,0
ZTF17aaaahbv,0
ZTF17aacqiki,1
ZTF18aaxrvsz,1
ZTF17aaaajqa,0
ZTF17aaaagoh,0
ZTF18aaswbai,1
ZTF18aaiztpr,1
ZTF17aaaahpl,0
ZTF17aaaaami,0
ZTF18aaxuqbe,1
ZTF17aaaywml,1
ZTF17aaaxqki,1
ZTF17aacragh,1
ZTF17aabisch,1
ZTF17aabudgh,1
ZTF17aacdfvm,1
ZTF17aaaajly,0
ZTF18aasjrkj,1
ZTF17aacrjgy,1
ZTF18aayhatk,1
ZTF17aaaajzk,0
ZTF17aaaaben,0
ZTF17aaawaxx,1
ZTF17aaaaats,0
ZTF17aaaaiqt,0
ZTF17aacqtet,1
ZTF18aayyeol,1
ZTF18aathpjh,1
ZTF17aaaahmu,0
ZTF18aazfmkw,1
ZTF17aacqfhr,1
ZTF17aaaaiby,0
ZTF18aaxcxih,1
ZTF17aacruqw,1
ZTF18aawqcqz,1
ZTF17aacrmcf,1
ZTF17aacqfia,1
ZTF17aaaaatz,0
ZTF17aaaaibx,0
ZTF17aaaaffc,0
ZTF17aaaaezo,0
ZTF17aaaajjp,0
ZTF17aaaafbp,0
ZTF17aacncvm,1
ZTF18aarwxum,1
ZTF17aacsnlm,1
ZTF17aaaahap,0
ZTF17aaaagzc,0
ZTF18aaxysmg,1
ZTF18aavtuob,1
ZTF18aahmxqa,1
ZTF17aaaahbq,0
ZTF17aacqgyu,1
ZTF17aaaaawz,0
ZTF17aaaahkz,0
ZTF17aaaabeu,0
ZTF17aaaaadf,0
ZTF17aabwojv,1
ZTF18aazcszm,1
ZTF17aacqgbz,1
ZTF17aaaaadg,0
ZTF17aaaahgi,0
ZTF18aanlrum,1
ZTF17aaaadik,0
ZTF17aaaafja,0
ZTF18aaztckh,1
ZTF17aacfnsu,1
ZTF17aaaaicb,0
ZTF18aakjlck,1
ZTF17aaaafje,0
ZTF17aaaajhd,0
ZTF17aaaaiyb,0
ZTF17aaaafgj,0
ZTF17aaaadwn,0
ZTF17aaaafzi,0
ZTF17aaaahdw,0
ZTF17aacinqs,1
ZTF17aaaagcr,0
ZTF17aaaahiy,0
ZTF17aaazgus,1
ZTF17aaaafwx,0
ZTF17aaaadmg,0
ZTF17aaaafcz,0
ZTF17aaaaima,0
ZTF17aaaajce,0
ZTF17aaaaaxk,0
ZTF17aaazurp,1
ZTF18aawhkce,1
ZTF18aabuoga,1
ZTF18aavwyap,1
ZTF17aaaaehi,0
ZTF17aaaaedf,0
ZTF18aanrzum,1
ZTF17aaatvxz,1
ZTF17aaaaavn,0
ZTF17aaaadvq,0
ZTF17aaaagub,0
ZTF17aaazovg,1
ZTF18aaoupaw,1
ZTF17aaaaaus,0
ZTF17aabxbjs,1
ZTF17aacacva,1
ZTF17aaaajkt,0
ZTF18aaxvxzp,1
ZTF17aacleir,1
ZTF17aacsocf,1
ZTF17aacqhfd,1
ZTF18aarcpri,1
ZTF17aaaacfh,0
ZTF17aablusj,1
ZTF17aaaaham,0
ZTF17aaaajgl,0
ZTF18aauanao,1
ZTF17aaaaaxp,0
ZTF17aaaaicu,0
ZTF17aaaafle,0
ZTF17aaaajbe,0
ZTF17aaaacst,0
ZTF17aaaahgg,0
ZTF17aacamgy,1
ZTF17aaaaimy,0
ZTF17aacryys,1
ZTF17aaaabdi,0
ZTF17aaaagvy,0
ZTF17aaaahhn,0
ZTF17aaaajfs,0
ZTF17aaaaggf,0
ZTF17aaaiwhq,1
ZTF17aaaadfi,0
ZTF17aaaaiom,0
ZTF17aaaadic,0
ZTF17aaaajcp,0
ZTF18aarlbnr,1
ZTF17aaaahas,0
ZTF17aaaaivw,0
ZTF17aaaaagq,0
ZTF17aaaaisp,0
ZTF17aaazgts,1
ZTF18aawscch,1
ZTF17aacqpkg,1
ZTF18aawowvr,1
ZTF17aaaabeh,0
ZTF17aacsnlj,1
ZTF17aaaaaom,0
ZTF17aaaahhl,0
ZTF17aaaagdx,0
ZTF17aaaaerb,0
ZTF17aaaadih,0
ZTF17aaaahcz,0
ZTF17aaaaaak,0
ZTF17aabafss,1
ZTF17aaaaaya,0
ZTF18aaiwmbv,1
ZTF17aacjyws,1
ZTF17aabcgjq,1
ZTF17aacrptc,1
ZTF18abadzkr,1
ZTF17aaaaaog,0
ZTF17aaaahlv,0
ZTF17aaaairu,0
ZTF18aazxcwx,1
ZTF17aaaagys,0
ZTF18aadmssd,1
ZTF17aaaahma,0
ZTF17aaaaiak,0
ZTF17aaaajxb,0
ZTF17aacadau,1
ZTF17aacrdsj,1
ZTF17aaaafmf,0
ZTF17aacslld,1
ZTF17aaaaagw,0
ZTF17aaaadrt,0
ZTF17aaaahig,0
ZTF17aaaagdc,0
ZTF18aaxkqgy,1
ZTF17aaaahzy,0
ZTF18aazheea,1
ZTF17aaaajoh,0
ZTF17aaaxnwb,1
ZTF17aaaajtk,0
ZTF18aagtwyh,1
ZTF17aacpror,1
ZTF17aaaadth,0
ZTF17aacamgw,1
ZTF18aaxpvoz,1
ZTF17aaaaicc,0
ZTF18aazativ,1
ZTF17aaaaaou,0
ZTF18abaaygc,1
ZTF17aaaaiyc,0
ZTF17aaaaako,0
ZTF18aaznsmu,1
ZTF18abaedxu,1
ZTF17aaaaitn,0
ZTF17aaaahno,0
ZTF17aaaaffk,0
ZTF18aazachi,1
ZTF17aaaafcj,0
ZTF17aaaaaqb,0
ZTF17aabisid,1
ZTF17aaaajkp,0
ZTF17aackarb,1
ZTF17aaaaekt,0
ZTF17aaaakan,0
ZTF17aaaafkz,0
ZTF18aataafd,1
ZTF17aaaajxq,0
ZTF18aazhpye,1
ZTF17aaaahhg,0
ZTF17aaaacuv,0
ZTF18aawrkkt,1
ZTF17aabicsd,1
ZTF17aaaajje,0
ZTF17aaaafmm,0
ZTF17aaaahbe,0
ZTF17aaaagok,0
ZTF18aawogqz,1
ZTF18aawyzvf,1
ZTF18abaehni,1
ZTF18aaubijx,1
ZTF17aabiygv,1
ZTF17aaaaddh,0
ZTF17aaaaiwm,0
ZTF17aaaacqq,0
ZTF17aabaatp,1
ZTF17aaaahdm,0
ZTF17aaaafxv,0
ZTF17aaaaaih,0
ZTF17aaaaguk,0
ZTF18aacghni,1
ZTF17aaaaiam,0
ZTF17aaaafac,0
ZTF18aaydejd,1
ZTF18aazembj,1
ZTF18aaxmjjr,1
ZTF17aaaagnc,0
ZTF17aaaaamm,0
ZTF17aaaajqb,0
ZTF17aabwcul,1
ZTF17aabvkaf,1
ZTF17aacrssg,1
ZTF17aaaafkm,0
ZTF17aaaahue,0
ZTF17aaaajzl,0
ZTF17aaaaerd,0
ZTF17aaaainc,0
ZTF17aaaaeqi,0
ZTF17aaaajiz,0
ZTF17aaaahnd,0
ZTF17aaaaaky,0
ZTF17aaaxsej,1
ZTF17aaaagya,0
ZTF17aaaytcp,1
ZTF18ababhch,1
ZTF17aaayzdp,1
ZTF17aaaagwr,0
ZTF17aacehne,1
ZTF17aabaorw,1
ZTF17aaaajyq,0
ZTF18aabfgki,1
ZTF17aaaaflg,0
ZTF17aacrkki,1
ZTF17aaaajft,0
ZTF17aacrkna,1
ZTF17aacredt,1
ZTF17aaaagpn,0
ZTF17aaapqht,1
ZTF18aarlhfw,1
ZTF17aacqydy,1
ZTF17aaaaarb,0
ZTF17aaaaire,0
ZTF17aaaahfe,0
ZTF17aabwtoi,1
ZTF17aaaajnu,0
ZTF17aaazovk,1
ZTF17aaaaedc,0
ZTF17aabwjba,1
ZTF17aaaagyb,0
ZTF18abaagri,1
ZTF17aaaaawk,0
ZTF17aabxcfu,1
ZTF17aaaaheo,0
ZTF18aarujmm,1
ZTF17aaaafwt,0
ZTF17aacpqcf,1
ZTF17aaaxabm,1
ZTF17aackaeg,1
ZTF18aaxtgpq,1
ZTF18aatquwd,1
ZTF18aajkidk,1
ZTF18aaxtijt,1
ZTF18aaqpowv,1
ZTF18aacmaco,1
ZTF18aaxmgyn,1
ZTF17aaaajqs,0
ZTF17aaaaayw,0
ZTF17aacrxun,1
ZTF17aaaajlq,0
ZTF17aaaaiiu,0
ZTF17aaaaisy,0
ZTF17aaaacnr,0
ZTF17aaaaaop,0
ZTF18aaspmor,1
ZTF17aaaagnl,0
ZTF18aazasbq,1
ZTF17aaaagth,0
ZTF18aayhkte,1
ZTF17aacrrbi,1
ZTF17aaaaaes,0
ZTF17aaaajnt,0
ZTF17aacrmbo,1
ZTF17aaaahdx,0
ZTF18aabuoxd,1
ZTF17aaaaaxu,0
ZTF17aaaahez,0
ZTF18aaqgihb,1
ZTF17aaaaioy,0
ZTF17aaaagoq,0
ZTF18aawxgqp,1
ZTF18abaacnc,1
ZTF17aaaaapi,0
ZTF17aacqfho,1
ZTF17aaaaaal,0
ZTF17aabakky,1
ZTF17aaaafiu,0
ZTF17aaaafki,0
ZTF17aacqtfp,1
ZTF18aazcckw,1
ZTF18aaytect,1
ZTF17aaaabeb,0
ZTF17aaaadmn,0
ZTF17aacqhfa,1
ZTF17aacragt,1
ZTF17aaaaewk,0
ZTF17aacrkiu,1
ZTF17aaaahbo,0
ZTF18aaqgvnf,1
ZTF17aaazoux,1
ZTF17aabcjga,1
ZTF17aaaaanv,0
ZTF17aaaabbs,0
ZTF18aaykdyz,1
ZTF17aaaahqy,0
ZTF17aaaagng,0
ZTF17aaaaavd,0
ZTF17aabocrc,1
ZTF17aaaagyc,0
ZTF18aaxutug,1
ZTF17aaaahey,0
ZTF17aaawrli,1
ZTF17aaaaioi,0
ZTF18aaxyzue,1
ZTF18aazaqlr,1
ZTF17aaaafca,0
ZTF17aacpwpr,1
ZTF17aabuaao,1
ZTF17aabwhpw,1
ZTF18aaumlfl,1
ZTF17aaauqqp,1
ZTF17aaaagnu,0
ZTF17aaaajmx,0
ZTF17aaaafwz,0
ZTF17aaaafis,0
ZTF18aaxcqus,1
ZTF17aaaagoa,0
ZTF17aabmyvf,1
ZTF17aaaahlc,0
ZTF17aaaafdh,0
ZTF18aazausu,1
ZTF17aacrrad,1
ZTF18aazhdoe,1
ZTF17aaatizh,1
ZTF17aabwpfd,1
ZTF17aacqhdu,1
ZTF17aaaqodc,1
ZTF17aaaaeew,0
ZTF17aacqhdc,1
ZTF17aaaagcj,0
ZTF18aariora,1
ZTF17aaaainl,0
ZTF18aayyzro,1
ZTF17aaaaiqj,0
ZTF17aaaagus,0
ZTF17aaaaipm,0
ZTF17aaaahgu,0
ZTF17aaaadhu,0
ZTF17aaaahev,0
ZTF18aazuxar,1
ZTF17aacrkmt,1
ZTF18ababubt,1
ZTF18aahhenr,1
ZTF17aabewla,1
ZTF18aavbdhq,1
ZTF17aaaxqil,1
ZTF17aaaaasr,0
ZTF17aaaadgp,0
ZTF18aazaxqj,1
ZTF18aajcwwi,1
ZTF17aaaxktk,1
ZTF17aaaafxx,0
ZTF17aaaajyx,0
ZTF18aayhkua,1
ZTF17aaaaawd,0
ZTF17aaaahuo,0
ZTF17aaaxexs,1
ZTF18aaqiosf,1
ZTF17aabwcuq,1
ZTF17aacrurm,1
ZTF17aaaahdr,0
ZTF17aaasgcj,1
ZTF17aaaaibl,0
ZTF17aacsljs,1
ZTF17aaaaaej,0
ZTF18abaefzu,1
ZTF18abacqom,1
ZTF18aamwhqf,1
ZTF17aaaaiaq,0
ZTF17aaaaczb,0
ZTF18abaedht,1
ZTF17aacriva,1
ZTF17aaaaatq,0
ZTF18aaphcra,1
ZTF18aauhqdo,1
ZTF18aazcjdp,1
ZTF18abadyka,1
ZTF17aaaaisj,0
ZTF18aazauel,1
ZTF17aaaajgg,0
ZTF17aaaahhx,0
ZTF17aaaadvg,0
ZTF17aaaaadp,0
ZTF17aaaahpx,0
ZTF18aazdjeh,1
ZTF17aacrazv,1
ZTF17aaaaisc,0
ZTF18aapukti,1
ZTF17aaaafmr,0
ZTF17aaarukr,1
ZTF17aaaajzv,0
ZTF18aaywxez,1
ZTF17aaaadlo,0
ZTF17aaaahda,0
ZTF17aaaadsj,0
ZTF17aaaafkh,0
ZTF18aawlfnj,1
ZTF17aaaafaf,0
ZTF17aacadsa,1
ZTF17aaaxxdy,1
ZTF17aaaahiz,0
ZTF17aackxdo,1
ZTF17aabisim,1
ZTF17aabvbmz,1
ZTF17aacrkmh,1
ZTF17aacrfxk,1
ZTF17aacqhzd,1
ZTF17aaaajzf,0
ZTF17aacqfij,1
ZTF17aaaqksj,1
ZTF17aacqhee,1
ZTF17aaaailp,0
ZTF18aawedvm,1
ZTF17aaaahli,0
ZTF17aaaaice,0
ZTF17aaaaikc,0
ZTF17aabxeul,1
ZTF17aaaagol,0
ZTF17aaaafih,0
ZTF17aaakhnt,1
ZTF18aaydjxp,1
ZTF17aaaahol,0
ZTF17aacettp,1
ZTF17aabpias,1
ZTF17aacqhdm,1
ZTF17aaaaand,0
ZTF18aaoydaj,1
ZTF18aawngde,1
ZTF17aaaadgk,0
ZTF17aacrkhu,1
ZTF17aaaabsb,0
ZTF18aaqfczi,1
ZTF18aatjbnn,1
ZTF17aaazqdt,1
ZTF17aabahpo,1
ZTF17aacqikm,1
ZTF17aaaahud,0
ZTF17aaaagpk,0
ZTF17aacqqkc,1
ZTF18aaajmbs,1
ZTF17aaaagye,0
ZTF17aaaaipl,0
ZTF18aaxxfbf,1
ZTF17aaaagwy,0
ZTF17aacqheq,1
ZTF17aaaajsn,0
ZTF18aauxzml,1
ZTF17aaaadxd,0
ZTF17aaaaibm,0
ZTF18aarvsqh,1
ZTF17aackxyf,1
ZTF17aabgcff,1
ZTF17aacrknl,1
ZTF17aaaahos,0
ZTF17aaaactj,0
ZTF17aaaabdu,0
ZTF17aacrkix,1
ZTF18aarunfu,1
ZTF17aaaaefd,0
ZTF17aacrkpm,1
ZTF17aaaaibr,0
ZTF18aaymych,1
ZTF17aaaahsp,0
ZTF17aaaahpq,0
ZTF17aaaaawl,0
ZTF17aacragf,1
ZTF17aaaagwb,0
ZTF17aaaaiqe,0
ZTF17aaaahtp,0
ZTF17aacqimo,1
ZTF18aavpady,1
ZTF17aaaaiti,0
ZTF18aawpmjv,1
ZTF17aaahmco,1
ZTF18aalcxig,1
ZTF17aaaaieq,0
ZTF17aaaadub,0
ZTF17aaaafgm,0
ZTF17aacegyo,1
ZTF17aaaacbh,0
ZTF17aaazouz,1
ZTF17aaaafes,0
ZTF17aaaajqd,0
ZTF17aabibml,1
ZTF17aaaaffn,0
ZTF17aaajkxx,1
ZTF17aacseqw,1
ZTF18aawjatn,1
ZTF17aaaafka,0
ZTF17aabxfue,1
ZTF17aacrdwd,1
ZTF18aayqolc,1
ZTF17aaaaaij,0
ZTF17aaaahca,0
ZTF17aaaaijd,0
ZTF17aaaafcd,0
ZTF17aaaaggx,0
ZTF18aasnoml,1
ZTF17aacqjiq,1
ZTF17aaaajjd,0
ZTF17aacqgyn,1
ZTF18aakeoeh,1
ZTF17aacadsm,1
ZTF17aaaabfj,0
ZTF17aaaafkx,0
ZTF18aayiahw,1
ZTF18aarlukc,1
ZTF18abadyyf,1
ZTF17aaaajfl,0
ZTF17aacqyew,1
ZTF18aataquf,1
ZTF17aaaajxi,0
ZTF18aaxqpfm,1
ZTF17aacadef,1
ZTF17aaaabtj,0
ZTF17aaaajzy,0
ZTF17aaaabgx,0
ZTF18aaqkitm,1
ZTF18aavuvde,1
ZTF17aaaahjd,0
ZTF17aaaajjj,0
ZTF17aacqhdf,1
ZTF18aaqioja,1
ZTF17aacrkhz,1
ZTF18aaxdrjn,1
ZTF17aacrkmr,1
ZTF17aacqcvh,1
ZTF18aaxbria,1
ZTF18aaxqiku,1
ZTF17aaaahhe,0
ZTF17aaafssh,1
ZTF17aaaaeja,0
ZTF17aaaafkr,0
ZTF17aaaaijb,0
ZTF17aaaahga,0
ZTF17aaaadgn,0
ZTF17aaaacwh,0
ZTF17aaaacpp,0
ZTF18aayxggr,1
ZTF17aabumhg,1
ZTF18aayfvsm,1
ZTF18aaxugum,1
ZTF17aaaadwm,0
ZTF18aavaxdv,1
ZTF17aaaaimx,0
ZTF18aaspvnw,1
ZTF17aaaafdp,0
ZTF17aaaaidw,0
ZTF18aamuill,1
ZTF17aaaaghl,0
ZTF18aatiffa,1
ZTF17aaaafii,0
ZTF17aacrurc,1
ZTF17aaaagdo,0
ZTF18aaiukvn,1
ZTF17aaaaiso,0
ZTF17aaaahis,0
ZTF17aacmtcm,1
ZTF17aabxgdf,1
ZTF17aaaaher,0
ZTF17aaaafde,0
ZTF18aavuymw,1
ZTF17aaazouw,1
ZTF17aacrirm,1
ZTF17aaaadox,0
ZTF17aaaaaxl,0
ZTF17aaaajkf,0
ZTF17aacpzus,1
ZTF18aawpflz,1
ZTF17aaaajlh,0
ZTF18aaqncpg,1
ZTF17aaaahtq,0
ZTF17aaaajgq,0
ZTF17aaatuhw,1
ZTF18aasyhml,1
ZTF17aaaaign,0
ZTF18aainvic,1
ZTF17aaaacqz,0
ZTF18aajksli,1
ZTF17aacrbac,1
ZTF17aaaafgq,0
ZTF18aahhzqn,1
ZTF17aaaabfw,0
ZTF17aaaaecd,0
ZTF17aacriee,1
ZTF17aaaadto,0
ZTF17aaaafdt,0
ZTF17aacrawf,1
ZTF17aaaaana,0
ZTF17aacqfhq,1
ZTF17aacamhc,1
ZTF17aaaaian,0
ZTF17aacrirt,1
ZTF17aaadvfh,1
ZTF17aaaaeiu,0
ZTF17aaaajyc,0
ZTF17aacqfhs,1
ZTF18aaymsbe,1
ZTF17aaaaiay,0
ZTF17aaaaasv,0
ZTF17aaaaiku,0
ZTF18aazicsd,1
ZTF17aaaaheu,0
ZTF18aawhiot,1
ZTF17aabxcjp,1
ZTF17aaaafgd,0
ZTF17aaaablu,0
ZTF17aaaahsx,0
ZTF17aaaafds,0
ZTF17aabisic,1
ZTF17aaaahem,0
ZTF18aamvand,1
ZTF18aaxsjie,1
ZTF17aaazefp,1
ZTF17aaaagpf,0
ZTF17aacqikg,1
ZTF17aaaaazf,0
ZTF17aaaaiqb,0
ZTF17aaaafjs,0
ZTF17aaaagvv,0
ZTF17aabikem,1
ZTF18aaknrox,1
ZTF17aaaajhi,0
ZTF17aaaahxv,0
ZTF17aaaajuf,0
ZTF17aaaubdn,1
ZTF17aacqhve,1
ZTF18aapdkqg,1
ZTF18aagterz,1
ZTF17aaaahbn,0
ZTF18aazgdnz,1
ZTF18aasdted,1
ZTF18aawfqax,1
ZTF17aaaxljd,1
ZTF17aaaakai,0
ZTF17aaaahlh,0
ZTF17aaaaafc,0
ZTF18aazawoj,1
ZTF17aaaajrn,0
ZTF17aaaacjy,0
ZTF17aaaajkm,0
ZTF17aaaaiia,0
ZTF17aaaafku,0
ZTF17aacamgt,1
ZTF17aacmjoh,1
ZTF17aaaenoo,1
ZTF17aaaaipt,0
ZTF17aacrihl,1
ZTF17aaaaavo,0
ZTF17aaaafoo,0
ZTF18aavnecb,1
ZTF17aaaahxj,0
ZTF17aaaabmm,0
ZTF18aarurhj,1
ZTF17aabigyi,1
ZTF17aaaagwj,0
ZTF17aacqgcd,1
ZTF17aaaajif,0
ZTF18aarldnh,1
ZTF17aacrvqe,1
ZTF17aacrigb,1
ZTF17aaaahpt,0
ZTF17aabxewd,1
ZTF18aazdcot,1
ZTF18aawhhgk,1
ZTF18aavdwmh,1
ZTF17aaaajja,0
ZTF17aaaaibq,0
ZTF17aacslty,1
ZTF18aazfndy,1
ZTF17aaaafnz,0
ZTF17aaaajkc,0
ZTF17aaaaiou,0
ZTF17aaaprlc,1
ZTF17aachzqx,1
ZTF18aaxtktp,1
ZTF18aaxtkts,1
ZTF17aaaahmp,0
ZTF17aackyqz,1
ZTF17aaaajjf,0
ZTF17aacqgzi,1
ZTF17aaaaebr,0
ZTF17aaaahcm,0
ZTF17aaaakae,0
ZTF17aaaaewv,0
ZTF17aabhnsu,1
ZTF17aaazbsm,1
ZTF17aaaaiav,0
ZTF17aaaajcc,0
ZTF18aahfzea,1
ZTF18aayfdbk,1
ZTF17aacrkme,1
ZTF18aaaapyn,1
ZTF17aaaafeh,0
ZTF17aaaaawf,0
ZTF17aaaairt,0
ZTF17aabigyq,1
ZTF17aaaadia,0
ZTF17aaaadqv,0
ZTF18aayxhyt,1
ZTF17aabxfce,1
ZTF17aaaadwp,0
ZTF17aaaaigi,0
ZTF17aaaajme,0
ZTF18aazhknn,1
ZTF17aaaahpk,0
ZTF17aaaaazb,0
ZTF18aayhdel,1
ZTF17aaaajuk,0
ZTF17aaaagge,0
ZTF17aaaaise,0
ZTF17aaaafms,0
ZTF17aaaaihq,0
ZTF18aavaxel,1
ZTF17aaaaivf,0
ZTF18aaxpixs,1
ZTF17aaazutw,1
ZTF17aaaahfk,0
ZTF17aaaajgr,0
ZTF17aaaaaat,0
ZTF17aaaacgu,0
ZTF17aacqtck,1
ZTF17aaaabjq,0
ZTF17aaaajit,0
ZTF18aayiplp,1
ZTF17aaaagca,0
ZTF18aazchzv,1
ZTF17aaaaaau,0
ZTF17aacruqt,1
ZTF18aayoxzs,1
ZTF17aaaagur,0
ZTF17aaaajjc,0
ZTF18aaxmirv,1
ZTF17aaaahjk,0
ZTF18aaxcntm,1
ZTF18aaxjuqk,1
ZTF17aaaaezz,0
ZTF17aacrkmi,1
ZTF17aacriic,1
ZTF17aaaafmc,0
ZTF18aatybem,1
ZTF18aaaatgm,1
ZTF17aaaaauf,0
ZTF18aayhcsg,1
ZTF17aacrxwu,1
ZTF18aaykeiy,1
ZTF17aaaagpd,0
ZTF17aaaagov,0
ZTF17aacridx,1
ZTF17aaaagym,0
ZTF17aaaafcy,0
ZTF17aaafssd,1
ZTF18aaudzlf,1
ZTF17aaaaidn,0
ZTF17aaaabrk,0
ZTF18abacybk,1
ZTF18aapjmhd,1
ZTF18aayzdqk,1
ZTF17aacqkox,1
ZTF18abaefve,1
ZTF17aacrkqb,1
ZTF18aawdnkz,1
ZTF17aaazlmz,1
ZTF18aayzzca,1
ZTF17aaaahdn,0
ZTF17aaaaffz,0
ZTF18aawfssi,1
ZTF17aaaagdp,0
ZTF17aaaaabj,0
ZTF17aaavhjy,1
ZTF18aazaudh,1
ZTF18aawzjwz,1
ZTF17aacrrbo,1
ZTF17aaaabev,0
ZTF18aatclnp,1
ZTF17aaaagxz,0
ZTF17aaaagpe,0
ZTF17aaaagix,0
ZTF18aarobum,1
ZTF17aacqimh,1
ZTF17aaaaild,0
ZTF17aaaagvq,0
ZTF17aabxbjv,1
ZTF17aaaaicp,0
ZTF17aabicud,1
ZTF18abaegle,1
ZTF17aacqham,1
ZTF18aaqcuba,1
ZTF17aabicse,1
ZTF17aacqhfz,1
ZTF18aawgrxz,1
ZTF17aaaaexx,0
ZTF17aacrpto,1
ZTF17aacqtep,1
ZTF17aaaaihc,0
ZTF17aacrrar,1
ZTF17aaaaasu,0
ZTF18aasycag,1
ZTF17aaaaaio,0
ZTF18aazdfjy,1
ZTF17aaaahfc,0
ZTF17aaaairg,0
ZTF18aavvvoy,1
ZTF17aaaaift,0
ZTF17aaaahdv,0
ZTF17aaaajhg,0
ZTF17aacsfnr,1
ZTF17aaaajhe,0
ZTF18aarndtz,1
ZTF18abaazan,1
ZTF17aabxjgb,1
ZTF17aaaafdx,0
ZTF17aaaaakv,0
ZTF17aaaahnm,0
ZTF17aaaaaxs,0
ZTF17aabxecg,1
ZTF17aaaabaq,0
ZTF17aaaaalq,0
ZTF17aacrpsh,1
ZTF17aacqyer,1
ZTF17aaaaecq,0
ZTF17aacrkqg,1
ZTF17aaaadyg,0
ZTF17aaaahds,0
ZTF17aaappiv,1
ZTF17aaaagts,0
ZTF17aaaajqz,0
ZTF17aaaaimo,0
ZTF17aacqlyq,1
ZTF17aacnffs,1
ZTF17aaaaivq,0
ZTF17aablbid,1
ZTF17aaauoae,1
ZTF17aaaaijp,0
ZTF17aacravy,1
ZTF17aacroxd,1
ZTF17aaaajjr,0
ZTF17aacriro,1
ZTF17aaaaioa,0
ZTF17aaaadjn,0
ZTF18aaztkxd,1
ZTF17aaaahby,0
ZTF18aayxgpc,1
ZTF18aaxtpro,1
ZTF17aaaacoq,0
ZTF17aabxfrh,1
ZTF17aaaafck,0
ZTF18aabfxpw,1
ZTF18aathacy,1
ZTF18aayjsuk,1
ZTF17aaaahky,0
ZTF18ababwvd,1
ZTF17aaajnms,1
ZTF17aacrkop,1
ZTF18aabgadk,1
ZTF18aayxitm,1
ZTF17aaaadwe,0
ZTF18aayyfkv,1
ZTF17aaaahci,0
ZTF17aaaahkf,0
ZTF17aaazftk,1
ZTF17aaaaezg,0
ZTF17aabigyo,1
ZTF18aabkknh,1
ZTF17aabbebq,1
ZTF17aaaahav,0
ZTF18aakvxqj,1
ZTF17aaawszv,1
ZTF17aaaaavs,0
ZTF17aaaafyy,0
ZTF17aaaajiw,0
ZTF17aaaahgy,0
ZTF17aaaaapt,0
ZTF17aaaajgx,0
ZTF17aaaahhw,0
ZTF17aabuhiu,1
ZTF17aaapqrs,1
ZTF17aaaxqhe,1
ZTF17aacqeea,1
ZTF18aawezib,1
ZTF17aaaahtv,0
ZTF17aaaadsa,0
ZTF17aacqiar,1
ZTF18aayhkum,1
ZTF17aaaahej,0
ZTF18aaxswvf,1
ZTF18aakeoie,1
ZTF17aaaebyo,1
ZTF17aacriqr,1
ZTF17aaaadya,0
ZTF17aacqqgn,1
ZTF18aaxyzbv,1
ZTF17aaaaatn,0
ZTF17aacsepn,1
ZTF17aaaagcs,0
ZTF17aablnub,1
ZTF17aaccidx,1
ZTF17aacpgvq,1
ZTF18aazcmqi,1
ZTF17aaaajhh,0
ZTF17aabicrg,1
ZTF17aaaaatm,0
ZTF17aaaagjb,0
ZTF17aaaaiuz,0
ZTF18aacrcia,1
ZTF17aacdsjn,1
ZTF17aacpcag,1
ZTF17aacrjgu,1
ZTF17aaaaaft,0
ZTF17aaaaawm,0
ZTF17aaaahlf,0
ZTF17aaaahne,0
ZTF18aaxuwks,1
ZTF17aaaajig,0
ZTF17aaaadua,0
ZTF17aaaafdg,0
ZTF17aaaxvyt,1
ZTF17aaaafmq,0
ZTF17aaaajqf,0
ZTF18aayhcqq,1
ZTF17aaaaguq,0
ZTF17aabmunj,1
ZTF17aabldgp,1
ZTF18aaxsflm,1
ZTF17aaaaale,0
ZTF17aaaajfb,0
ZTF17aacriru,1
ZTF17aacleln,1
ZTF18aazfrgu,1
ZTF17aaawgxq,1
ZTF17aaaafwu,0
ZTF17aaasqai,1
ZTF17aaaafco,0
ZTF17aababwe,1
ZTF18aaxugqu,1
ZTF17aaaahxg,0
ZTF17aaaahgb,0
ZTF17aaaagpr,0
ZTF17aacqqfh,1
ZTF17aaaahuk,0
ZTF17aaaajyb,0
ZTF17aacricx,1
ZTF17aaaadxl,0
ZTF18aayvbtl,1
ZTF17aaaafdw,0
ZTF17aaaagox,0
ZTF18aasiynn,1
ZTF17aaaaamo,0
ZTF17aaaajpc,0
ZTF17aaaache,0
ZTF18aaxjuwy,1
ZTF18aasyrit,1
ZTF18aaqcozd,1
ZTF17aaaajpv,0
ZTF18aajlisq,1
ZTF17aaaaihi,0
ZTF17aacqibg,1
ZTF17aaaaiab,0
ZTF18aazyftx,1
ZTF17aaaafjn,0
ZTF17aacqikw,1
ZTF17aaaaaly,0
ZTF17aaaaigs,0
ZTF18aarcmgj,1
ZTF17aaaahaq,0
ZTF17aaaaizy,0
ZTF17aaaabvq,0
ZTF18aaovsjn,1
ZTF17aacrssa,1
ZTF17aaaevml,1
ZTF17aaccgmw,1
ZTF17aaaafjy,0
ZTF18aapabli,1
ZTF18aaxgkne,1
ZTF18aaxqfjf,1
ZTF18aansqov,1
ZTF18aaqnift,1
ZTF18aatyrss,1
ZTF17aacqibe,1
ZTF18aayqvuw,1
ZTF17aaaagvz,0
ZTF18aaxukvv,1
ZTF17aaaaipw,0
ZTF17aacpmmn,1
ZTF17aaaaitg,0
ZTF17aaaafiz,0
ZTF17aaaprsg,1
ZTF17aaaahic,0
ZTF17aacfgbu,1
ZTF18aaxqwnd,1
ZTF18aaogzuh,1
ZTF17aacseik,1
ZTF18aavunsj,1
ZTF17aaaaeda,0
ZTF18aaxpmto,1
ZTF18aaqkcso,1
ZTF17aaaagqa,0
ZTF17aaaabme,0
ZTF18aazsung,1
ZTF17aaazrbf,1
ZTF17aaaajtx,0
ZTF17aabwial,1
ZTF17aaaaebq,0
ZTF17aaaaauy,0
ZTF17aaaafie,0
ZTF18aaykfjf,1
ZTF17aaaacpv,0
ZTF17aaaxmpq,1
ZTF17aaaafnx,0
ZTF17aaaaaen,0
ZTF17aaaafvc,0
ZTF18aabiote,1
ZTF18aaroxwp,1
ZTF17aaaahlw,0
ZTF18aakysyu,1
ZTF17aaaacqa,0
ZTF17aaaacdc,0
ZTF18ababdcf,1
ZTF17aaaaazj,0
ZTF17aaaaiqh,0
ZTF18aaznexw,1
ZTF17aacrida,1
ZTF17aaaaaot,0
ZTF17aaaagil,0
ZTF17aaaadyq,0
ZTF18abaanfj,1
ZTF17aaaahrb,0
ZTF17aaaaias,0
ZTF18aawkdyg,1
ZTF17aaaajtb,0
ZTF17aabafsz,1
ZTF18aasklcy,1
ZTF17aaaacrs,0
ZTF18aaymkki,1
ZTF17aacrrea,1
ZTF17aaaajpl,0
ZTF17aaaajtg,0
ZTF17aaaaanf,0
ZTF17aaaahho,0
ZTF18aaxnayd,1
ZTF18aaxuxsc,1
ZTF17aabfjwk,1
ZTF17aaaajph,0
ZTF17aaaabky,0
ZTF18aajhihd,1
ZTF17aaaafog,0
ZTF18aawncdo,1
ZTF18aaragmf,1
ZTF18aarxzmv,1
ZTF17aaaaihb,0
ZTF17aaaajrw,0
ZTF17aaaagxj,0
ZTF17aacjvqs,1
ZTF18aasjxor,1
ZTF18aaxlypo,1
ZTF18aazclfo,1
ZTF17aaaahgf,0
ZTF17aaaafbb,0
ZTF18aacdblq,1
ZTF17aabigyp,1
ZTF17aaaajlb,0
ZTF17aaaagax,0
ZTF17aaaagnt,0
ZTF17aaaakac,0
ZTF18aazijfh,1
ZTF17aaaaabi,0
ZTF17aaaafwr,0
ZTF18abadlcc,1
ZTF17aaaahjw,0
ZTF17aaaacpb,0
ZTF17aacrsci,1
ZTF17aabdvrm,1
ZTF17aacadtk,1
ZTF17aaaajoc,0
ZTF17aaaahlq,0
ZTF17aacemvz,1
ZTF18aarcmaa,1
ZTF18aamvrvi,1
ZTF17aaaageb,0
ZTF17aaatxap,1
ZTF17aabgtns,1
ZTF17aabeztz,1
ZTF17aaaagaj,0
ZTF17aaaahdu,0
ZTF17aaaaijg,0
ZTF17aaaackc,0
ZTF17aaaabar,0
ZTF17aaaadkg,0
ZTF17aaaajol,0
ZTF17aacrkgt,1
ZTF17aaaaahq,0
ZTF17aaaabfo,0
ZTF18aaiklah,1
ZTF17aaaaflx,0
ZTF17aaazwon,1
ZTF18aakybaf,1
ZTF18aaisybp,1
ZTF17aaaahsm,0
ZTF17aaaafmw,0
ZTF17aaaakaq,0
ZTF17aaaaiax,0
ZTF17aaaahjz,0
ZTF17aaaagzh,0
ZTF17aaaahmy,0
ZTF17aaaaiwq,0
ZTF18aaduaju,1
ZTF18abaedwo,1
ZTF17aaaajbb,0
ZTF18aazclhy,1
ZTF17aaaahro,0
ZTF17aaaaauo,0
ZTF17aacqrki,1
ZTF17aabgcer,1
ZTF17aaaafkj,0
ZTF18aajzyfb,1
ZTF17aacrigr,1
ZTF18aaubejv,1
ZTF17aaaahui,0
ZTF17aaaaibn,0
ZTF17aaaafni,0
ZTF17aaaahnb,0
ZTF17aaaafmo,0
ZTF17aaaaetc,0
ZTF17aacakvk,1
ZTF17aaaaflb,0
ZTF17aaaajlf,0
ZTF18aaxqoos,1
ZTF17aaaafxk,0
ZTF17aaccovc,1
ZTF17aaaahxt,0
ZTF17aaaafcg,0
ZTF17aaaaien,0
ZTF18aasouko,1
ZTF18aaxqugv,1
ZTF17aaaaasm,0
ZTF17aaaaaoy,0
ZTF17aaaahfz,0
ZTF18aaiicgn,1
ZTF17aaatuto,1
ZTF17aaaailg,0
ZTF17aaaaawb,0
ZTF17aaaabad,0
ZTF18aaldmup,1
ZTF17aaaahgv,0
ZTF17aaaaasy,0
ZTF17aaaafnt,0
ZTF17aacqilp,1
ZTF17aaasiak,1
ZTF18aajowtb,1
ZTF18aaajzzh,1
ZTF17aaaahof,0
ZTF17aaaahhf,0
ZTF17aaaafbf,0
ZTF18aaxdnlq,1
ZTF17aaaabav,0
ZTF17aaaagpw,0
ZTF17aaaxshe,1
ZTF17aackvrh,1
ZTF17aaaajib,0
ZTF18aajdcfy,1
ZTF17aablquf,1
ZTF17aaaafyi,0
ZTF17aaaaioo,0
ZTF18aaxjflf,1
ZTF17aaaahfy,0
ZTF17aaaacpt,0
ZTF17aaaabsr,0
ZTF17aaaaifb,0
ZTF17aabxevu,1
ZTF17aaaabnu,0
ZTF18aathesh,1
ZTF17aaaabax,0
ZTF17aacqikc,1
ZTF17aaccgnl,1
ZTF17aacrjiw,1
ZTF18aawjfrj,1
ZTF18aakutpu,1
ZTF18aaxnkos,1
ZTF17aaaahva,0
ZTF17aaaafaz,0
ZTF17aacqjiz,1
ZTF17aaaahil,0
ZTF17aaaagip,0
ZTF17aabnzhg,1
ZTF18aawglif,1
ZTF17aaaytkw,1
ZTF17aaaacsm,0
ZTF17aaaadzt,0
ZTF17aabxcnq,1
ZTF17aaaadha,0
ZTF17aaaaihf,0
ZTF17aaaacbq,0
ZTF18aablnlt,1
ZTF17aaaxpgn,1
ZTF17aacqmbp,1
ZTF17aacrbsi,1
ZTF17aaaadyb,0
ZTF17aaaabdv,0
ZTF18aagwpki,1
ZTF17aaaahcn,0
ZTF17aaaajyo,0
ZTF17aaaaaoa,0
ZTF17aaaadue,0
ZTF17aacqjje,1
ZTF18aataceh,1
ZTF17aaaahjc,0
ZTF17aacqikx,1
ZTF17aaaaaee,0
ZTF17aaaaera,0
ZTF17aaaprxd,1
ZTF17aaccnpi,1
ZTF17aaaajls,0
ZTF17aaaafev,0
ZTF17aaaptef,1
ZTF18aanlkpp,1
ZTF17aaaaakm,0
ZTF18aavhwcc,1
ZTF17aaaaahs,0
ZTF17aaaaein,0
ZTF17aaaadvn,0
ZTF17aaaaaux,0
ZTF18aaxnqjb,1
ZTF17aaaajgv,0
ZTF17aaaajui,0
ZTF17aacqqex,1
ZTF17aaaaapm,0
ZTF17aaaaeah,0
ZTF17aaaaaup,0
ZTF18aawhipg,1
ZTF17aaaptcz,1
ZTF17aaaxuqt,1
ZTF17aaaajgm,0
ZTF17aaaaipp,0
ZTF17aaaahef,0
ZTF17aacngmw,1
ZTF17aaaacfg,0
ZTF17aaaajud,0
ZTF17aaaaene,0
ZTF18aayimkt,1
ZTF17aaaaitq,0
ZTF17aaakgyo,1
ZTF18aaylrqw,1
ZTF17aaaajrq,0
ZTF17aacrjgw,1
ZTF17aabigid,1
ZTF17aaaaipx,0
ZTF17aaaadvt,0
ZTF17aaaaikl,0
ZTF18aaxkfos,1
ZTF17aaaajgh,0
ZTF17aaaadbt,0
ZTF18aaxpzer,1
ZTF17aaaaftq,0
ZTF17aacqffs,1
ZTF17aaaaihp,0
ZTF17aaaabao,0
ZTF17aaaahgn,0
ZTF18aavabtt,1
ZTF18aahbrge,1
ZTF17aaaajzn,0
ZTF17aaaqkve,1
ZTF17aaaaiuq,0
ZTF18aayjyty,1
ZTF17aaaafgi,0
ZTF17aaaaghx,0
ZTF17aaaajlg,0
ZTF17aaaadrp,0
ZTF17aacrdvy,1
ZTF17aaaahuh,0
ZTF18aaxsfvd,1
ZTF18aaqydat,1
ZTF17aacqilc,1
ZTF17aacqhdx,1
ZTF18aaynmsb,1
ZTF18aaxuuke,1
ZTF17aaaaipq,0
ZTF18aayjiji,1
ZTF17aaaaabo,0
ZTF18aakyear,1
ZTF18aakllmu,1
ZTF17aabfnmy,1
ZTF18aatgdph,1
ZTF17aaaaady,0
ZTF17aaaahoa,0
ZTF17aaaajjz,0
ZTF17aaaqodo,1
ZTF17aaaadpl,0
ZTF18aaziehk,1
ZTF17aaaaiqq,0
ZTF17aaaahld,0
ZTF17aaaafjb,0
ZTF17aaapqjd,1
ZTF17aaaahqn,0
ZTF17aaaajbu,0
ZTF17aaaaggg,0
ZTF17aaaaiow,0
ZTF17aaaahpw,0
ZTF17aaaaepd,0
ZTF17aaaaerh,0
ZTF17aaaaira,0
ZTF17aaaadlm,0
ZTF18aaqvuhl,1
ZTF17aaccuxe,1
ZTF17aacsnld,1
ZTF17aacqhej,1
ZTF17aacqheo,1
ZTF17aackyvg,1
ZTF17aaaajgc,0
ZTF18aaqklis,1
ZTF18aaxveek,1
ZTF17aaaadfx,0
ZTF17aaaajhl,0
ZTF17aaaafhw,0
ZTF18ababxzt,1
ZTF17aaaaihg,0
ZTF17aaaaflt,0
ZTF17aaaajua,0
ZTF17aacqtiy,1
ZTF17aaaafgh,0
ZTF17aacrenx,1
ZTF17aacnuqb,1
ZTF17aabatmv,1
ZTF18aaxsioa,1
ZTF18aaxttnr,1
ZTF17aaaagmr,0
ZTF17aaaahdz,0
ZTF18aacrptw,1
ZTF17aaaabvi,0
ZTF17aaaaezn,0
ZTF17aacpqxz,1
ZTF17aaaagna,0
ZTF17aaaajca,0
ZTF18aayoqhd,1
ZTF17aabxcsb,1
ZTF17aaaaekz,0
ZTF17aacravi,1
ZTF18aaztkpq,1
ZTF18aayzcxj,1
ZTF17aaaaafh,0
ZTF18aamcwzy,1
ZTF17aaaacuj,0
ZTF17aaaaedi,0
ZTF17aaayigq,1
ZTF17aaaaanb,0
ZTF18aaxrwki,1
ZTF17aaaajgu,0
ZTF17aaaadhk,0
ZTF17aaaafjh,0
ZTF17aaaadxz,0
ZTF18aaqbisz,1
ZTF17aaaajvv,0
ZTF18aasyill,1
ZTF17aaaailb,0
ZTF17aacrkhr,1
ZTF17aaaaass,0
ZTF17aacqjjl,1
ZTF17aaaafcm,0
ZTF18aaxmnkw,1
ZTF18aayqfrh,1
ZTF17aaaaigx,0
ZTF17aaaaigd,0
ZTF17aacriqk,1
ZTF18aayzjkd,1
ZTF17aaaadxm,0
ZTF17aacajgj,1
ZTF17aaaaisd,0
ZTF18aaqvimt,1
ZTF17aaaaalb,0
ZTF17aaaxsdc,1
ZTF17aacacuy,1
ZTF18aazfvme,1
ZTF17aaaaacn,0
ZTF18aarfmhi,1
ZTF17aaaagit,0
ZTF18aajogsb,1
ZTF18aaxcupv,1
ZTF17aaaafey,0
ZTF18aaziayj,1
ZTF18aaxyymb,1
ZTF18aaywgpt,1
ZTF17aaaajhy,0
ZTF17aabbpyt,1
ZTF17aaaahel,0
ZTF17aacrdyd,1
ZTF17aaaaaso,0
ZTF18aawucbo,1
ZTF18aazaryj,1
ZTF18aaggbpq,1
ZTF18aaqbcoo,1
ZTF17aacrhmx,1
ZTF17aaaajgz,0
ZTF17aacmnmc,1
ZTF17aaaafna,0
ZTF17aaaajpi,0
ZTF18ababyfv,1
ZTF17aacqhdh,1
ZTF18aaaeczy,1
ZTF17aaaajpd,0
ZTF17aaaahlx,0
ZTF17aaaahpu,0
ZTF18aaxrabr,1
ZTF18aayfzgk,1
ZTF17aaaajiq,0
ZTF18aaymxdb,1
ZTF17aaaaaqp,0
ZTF17aaaafvm,0
ZTF17aacrmcs,1
ZTF17aaaairn,0
ZTF17aaaajzz,0
ZTF17aaaahna,0
ZTF17aaaairi,0
ZTF18aarwrms,1
ZTF17aaaahao,0
ZTF17aaaaigh,0
ZTF17aaaairq,0
ZTF18aavryhc,1
ZTF17aacrjfs,1
ZTF17aaaajff,0
ZTF17aaaahal,0
ZTF18aaymvhh,1
ZTF17aaaagog,0
ZTF17aaaajhz,0
ZTF17aacrknc,1
ZTF17aaaafju,0
ZTF18aamrkmd,1
ZTF17aaaadxf,0
ZTF17aaatuiv,1
ZTF17aaaacnt,0
ZTF17aaaafjp,0
ZTF17aaaaasi,0
ZTF17aaaahhs,0
ZTF17aackypn,1
ZTF17aaaaimr,0
ZTF17aaaabbl,0
ZTF17aaaacpw,0
ZTF18abaccgq,1
ZTF17aabulep,1
ZTF17aaaafdy,0
ZTF17aaaafin,0
ZTF17aaaaban,0
ZTF17aaccwob,1
ZTF17aaaagtt,0
ZTF17aaaafbl,0
ZTF17aaaafbk,0
ZTF17aaaafkv,0
ZTF17aaaafgc,0
ZTF18aawitoj,1
ZTF17aaaacui,0
ZTF17aaaaipv,0
ZTF18aajaubg,1
ZTF17aaaahan,0
ZTF17aaaablt,0
ZTF17aaaafkt,0
ZTF17aaaaatf,0
ZTF18aaxuyuh,1
ZTF17aabuhis,1
ZTF18aayyxxp,1
ZTF17aaaaeio,0
ZTF17aaaajzb,0
ZTF17aacrdrc,1
ZTF17aaaaiue,0
ZTF17aacrxrj,1
ZTF18aarovvh,1
ZTF17aacrkmd,1
ZTF18aaripcr,1
ZTF18aaxunbg,1
ZTF17aaaadxc,0
ZTF17aaaahpj,0
ZTF17aaaajkx,0
ZTF17aaaaewm,0
ZTF17aaaahme,0
ZTF17aacqqpz,1
ZTF17aackiqn,1
ZTF18aaxtlsv,1
ZTF17aaaajxc,0
ZTF17aaaaapd,0
ZTF18aahwhbk,1
ZTF17aaaagpc,0
ZTF17aaaabeg,0
ZTF17aacrkof,1
ZTF17aaaahoy,0
ZTF17aaaaijq,0
ZTF17aaaaeac,0
ZTF17aaaaazm,0
ZTF17aaaabfn,0
ZTF17aaclcox,1
ZTF17aackyrf,1
ZTF17aaaaanl,0
ZTF17aacriew,1
ZTF17aacrkia,1
ZTF18aayqfiz,1
ZTF17aaaadbi,0
ZTF18aazndir,1
ZTF17aaaaakk,0
ZTF17aacrdyw,1
ZTF18aasvuzi,1
ZTF18aaykmtd,1
ZTF17aaaedez,1
ZTF18aatzdcr,1
ZTF17aacqibl,1
ZTF18ababydu,1
ZTF17aaaaamf,0
ZTF17aaaajmd,0
ZTF17aacqgcs,1
ZTF17aaaadjl,0
ZTF17aaaahhp,0
ZTF17aacrapt,1
ZTF17aaaaghd,0
ZTF17aacqhds,1
ZTF17aaaahif,0
ZTF17aaaacuc,0
ZTF18abaehef,1
ZTF17aacrdrl,1
ZTF17aaaaasn,0
ZTF18aayzyrc,1
ZTF17aacrdrf,1
ZTF17aaaagpi,0
ZTF17aaaafup,0
ZTF17aaashqu,1
ZTF17aaclagu,1
ZTF17aacrkjp,1
ZTF17aacrxyc,1
ZTF17aacqxlw,1
ZTF18aazeivs,1
ZTF17aaaajyh,0
ZTF17aaaaalu,0
ZTF18aagzazw,1
ZTF17aaaabeo,0
ZTF17aaarcgi,1
ZTF17aaaaigj,0
ZTF18aayfuur,1
ZTF17aaaagyv,0
ZTF17aaaajkl,0
ZTF17aaaabrn,0
ZTF17aaaafcq,0
ZTF17aaaaagi,0
ZTF17aaaajrb,0
ZTF17aaaaamy,0
ZTF17aaaafks,0
ZTF18aarunub,1
ZTF17aacnyea,1
ZTF17aaaaicy,0
ZTF17aaaaigt,0
ZTF17aaaahhy,0
ZTF17aabmniq,1
ZTF18aazjzed,1
ZTF17aaaagfx,0
ZTF17aaaafjc,0
ZTF17aaaajpq,0
ZTF17aaaabpe,0
ZTF17aacqhdn,1
ZTF17aaaajxz,0
ZTF17aaaaiey,0
ZTF17aacrkpb,1
ZTF17aaatxaq,1
ZTF18aaqpalp,1
ZTF17aabnzgc,1
ZTF17aaaagmf,0
ZTF17aacqilz,1
ZTF17aacrhml,1
ZTF17aabwkbu,1
ZTF18aaouoyg,1
ZTF17aaaaiir,0
ZTF17aacqika,1
ZTF18aayiacm,1
ZTF17aaaagon,0
ZTF17aacqiac,1
ZTF17aacpqez,1
ZTF17aackare,1
ZTF17aabisbj,1
ZTF17aaaaihj,0
ZTF17aaaahte,0
ZTF18aamyvom,1
ZTF18aaxmxdb,1
ZTF17aaaainr,0
ZTF18aaztolx,1
ZTF17aaaaauq,0
ZTF18aaxyspf,1
ZTF17aaaaafl,0
ZTF17aaaabko,0
ZTF18aaixhal,1
ZTF18aawqsmt,1
ZTF17aaaecja,1
ZTF17aaaahpz,0
ZTF18aatpavr,1
ZTF17aaahgap,1
ZTF18aaykfcs,1
ZTF17aaaaaki,0
ZTF18aazdrkc,1
ZTF17aaaaajf,0
ZTF18aanpaau,1
ZTF18aazxsrv,1
ZTF17aaaabba,0
ZTF17aaaagoe,0
ZTF17aacroxe,1
ZTF17aaaafkf,0
ZTF17aaaafee,0
ZTF17aaaaagv,0
ZTF17aabmour,1
ZTF17aaaajng,0
ZTF17aacrkgy,1
ZTF17aaaaasj,0
ZTF17aaaaihn,0
ZTF17aaaqrhi,1
ZTF17aaaafga,0
ZTF17aaaagvu,0
ZTF17aaaajcz,0
ZTF17aacrkne,1
ZTF17aacqgvs,1
ZTF17aaaafkb,0
ZTF17aacajyd,1
ZTF17aaaaatp,0
ZTF17aaaajov,0
ZTF17aacsjmd,1
ZTF17aaaahhd,0
ZTF17aabcelc,1
ZTF17aaaahtb,0
ZTF17aacratg,1
ZTF18aazyvjq,1
ZTF17aaaaipd,0
ZTF18aangpkx,1
ZTF18aagtere,1
ZTF17aabmjls,1
ZTF17aaaaeiv,0
ZTF17aaaafun,0
ZTF18aaizywy,1
ZTF17aaaprsf,1
ZTF17aacqgye,1
ZTF17aaaaipf,0
ZTF17aaaaink,0
ZTF17aacqjja,1
ZTF17aaaadgr,0
ZTF17aaaaied,0
ZTF17aaaafae,0
ZTF17aaaaime,0
ZTF17aaaaawh,0
ZTF18aaykeoh,1
ZTF17aabulox,1
ZTF18aarpcuc,1
ZTF17aaaaejc,0
ZTF17aacqtcd,1
ZTF17aaaahmz,0
ZTF18aavlgmf,1
ZTF18aacstrz,1
ZTF18aawpsbm,1
ZTF18aaqgbju,1
ZTF17aaaaauv,0
ZTF17aaajtcq,1
ZTF17aacqild,1
ZTF17aaaagbe,0
ZTF17aaaahoj,0
ZTF17aaaabdl,0
ZTF17aaaahsu,0
ZTF17aacriuk,1
ZTF17aacriqj,1
ZTF17aacrjfz,1
ZTF17aacahss,1
ZTF17aacqgco,1
ZTF17aaaaieu,0
ZTF17aaaadkl,0
ZTF17aacrmcl,1
ZTF18aavjhjj,1
ZTF17aaaahce,0
ZTF17aaaadla,0
ZTF17aaaahpf,0
ZTF17aacqgcp,1
ZTF18aawyyph,1
ZTF17aaaahrr,0
ZTF18aawxowi,1
ZTF17aaaaidp,0
ZTF17aacndzi,1
ZTF17aaaaegc,0
ZTF18aaporis,1
ZTF17aabxpfq,1
ZTF17aaaabmq,0
ZTF18aayhvtx,1
ZTF17aaaajpb,0
ZTF18aaxqyki,1
ZTF17aacnycu,1
ZTF17aaaahiq,0
ZTF17aaaagwq,0
ZTF17aaaahob,0
ZTF17aaaagwd,0
ZTF17aaaaibe,0
ZTF17aaaaakg,0
ZTF17aaaahpn,0
ZTF17aaaacpx,0
ZTF17aaaafnj,0
ZTF17aaaaaxx,0
ZTF17aaaafij,0
ZTF18aajhjnu,1
ZTF17aacrdfk,1
ZTF17aacqtdj,1
ZTF17aaaadtz,0
ZTF17aaaaige,0
ZTF17aaaahxh,0
ZTF17aaaaiec,0
ZTF17aaatuif,1
ZTF17aacqhwe,1
ZTF17aacsnkg,1
ZTF17aaaxebk,1
ZTF17aaatuia,1
ZTF17aacrapi,1
ZTF17aacqrlh,1
ZTF17aaaahfx,0
ZTF17aaadypi,1
ZTF17aaaaeib,0
ZTF17aaaafbu,0
ZTF17aaaaaxb,0
ZTF17aackxtd,1
ZTF17aaaacqo,0
ZTF18aarwxpi,1
ZTF18aankxqv,1
ZTF18aazfkbr,1
ZTF17aacqhaf,1
ZTF17aaaaiga,0
ZTF17aaaahew,0
ZTF18aaxseck,1
ZTF17aacrazq,1
ZTF18aawzdhc,1
ZTF18aaodzdm,1
ZTF17aabiscf,1
ZTF17aaaafec,0
ZTF17aacqjjo,1
ZTF17aacjzzw,1
ZTF18aaxmivt,1
ZTF17aaaajfi,0
ZTF17aacqiks,1
ZTF17aaaahqq,0
ZTF17aaaaasz,0
ZTF17aaaaipk,0
ZTF17aaazxzb,1
ZTF17aabwhte,1
ZTF17aaaaauk,0
ZTF17aacqhdv,1
ZTF18aasnzep,1
ZTF18aarwnkv,1
ZTF17aaaaipz,0
ZTF17aacrapz,1
ZTF17aabpoqk,1
ZTF17aaaaisk,0
ZTF17aaaahdh,0
ZTF17aaaahph,0
ZTF18aamykid,1
ZTF17aacrdrp,1
ZTF17aaaadmw,0
ZTF17aackadx,1
ZTF17aaaaite,0
ZTF18aaxtryf,1
ZTF17aaaabbd,0
ZTF17aaawcmi,1
ZTF17aacqfhi,1
ZTF17aackljm,1
ZTF18aaotzun,1
ZTF17aaaaiot,0
ZTF17aabiuud,1
ZTF17aaaaboz,0
ZTF18aaykojg,1
ZTF17aaaaijk,0
ZTF17aaaaaaw,0
ZTF17aaaagpv,0
ZTF17aaaahnz,0
ZTF17aaaaavm,0
ZTF18aavsttc,1
ZTF17aaaaatw,0
ZTF17aaaaioj,0
ZTF17aaaairs,0
ZTF18aazvkbe,1
ZTF18aawxurz,1
ZTF17aaaacop,0
ZTF18aarnozn,1
ZTF17aaaaaxv,0
ZTF17aaaaavq,0
ZTF17aaawbig,1
ZTF18aatvuco,1
ZTF17aaaaary,0
ZTF17aaaaexy,0
ZTF17aaaagad,0
ZTF17aaaysin,1
ZTF17aaaafnu,0
ZTF17aaaaint,0
ZTF17aaaafbz,0
ZTF17aaaeipd,1
ZTF17aaaafjz,0
ZTF17aaaahfu,1
ZTF17aaaajlj,0
ZTF17aaaaibc,0
ZTF17aaaaeix,0
ZTF17aaaablp,0
ZTF17aaaahqj,0
ZTF17aackycs,1
ZTF17aaaajpx,0
ZTF17aacqqec,1
ZTF18aajgdnw,1
ZTF18aaylbpz,1
ZTF18aaxuuug,1
ZTF17aaaaiqi,0
ZTF17aabhshz,1
ZTF18abacwea,1
ZTF18aauyafm,1
ZTF17aaaaiaf,0
ZTF17aacqhdp,1
ZTF17aaaadcn,0
ZTF17aacqgbt,1
ZTF17aaaxsdf,1
ZTF18aayhlqy,1
ZTF18aathgma,1
ZTF17aaaajqi,0
ZTF17aaaagje,0
ZTF17aaaaiva,0
ZTF17aaaahxr,0
ZTF17aaaafkk,0
ZTF17aaaahnt,0
ZTF17aaaafvw,0
ZTF18aaxmfbp,1
ZTF17aaaahrj,0
ZTF17aacrgjt,1
ZTF17aaaabht,0
ZTF17aaciimd,1
ZTF17aaaafiy,0
ZTF17aaaadom,0
ZTF17aackarc,1
ZTF18aazxhaz,1
ZTF17aaasmdi,1
ZTF17aaaaibw,0
ZTF18aauzolk,1
ZTF17aabwtnx,1
ZTF18aauumry,1
ZTF17aaaaiqa,0
ZTF17aackyre,1
ZTF17aaaxusd,1
ZTF17aaaagne,0
ZTF17aacrlkd,1
ZTF17aaaaeca,0
ZTF17aabicpa,1
ZTF18abacxcj,1
ZTF17aaaaapr,0
ZTF17aaaacgq,0
ZTF18abaayhz,1
ZTF17aabicqe,1
ZTF17aaaaepw,0
ZTF17aaaaewl,0
ZTF17aaaaadz,0
ZTF18aayqgzp,1
ZTF17aaaaicv,0
ZTF18aaxnmzw,1
ZTF18aazxjlj,1
ZTF17aaaaelj,0
ZTF17aaaacbw,0
ZTF17aacrasg,1
ZTF18aazdpoh,1
ZTF17aaaaall,0
ZTF18aazyumg,1
ZTF17aaaadyl,0
ZTF17aaaagac,0
ZTF17aaaabmb,0
ZTF17aaaaiob,0
ZTF17aaaadnq,0
ZTF18aajlbmi,1
ZTF17aaaafnf,0
ZTF17aaaaavp,0
ZTF18aaxmizu,1
ZTF17aacjxnl,1
ZTF17aaaaaam,0
ZTF17aaaaifx,0
ZTF17aaaahqb,0
ZTF18aasebum,1
ZTF17aaaajnw,0
ZTF17aaaaioc,0
ZTF17aaaxkzs,1
ZTF17aaaairc,0
ZTF18aawhllh,1
ZTF17aaaahek,0
ZTF17aaaabfp,0
ZTF17aacrkhg,1
ZTF17aaaagpm,0
ZTF17aaaaffi,0
ZTF17aaaagyx,0
ZTF17aaaahnr,0
ZTF17aaaaisq,0
ZTF17aacqyge,1
ZTF17aabinjz,1
ZTF17aaaahkw,0
ZTF18aaznhre,1
ZTF17aaaaavt,0
ZTF17aaaabsi,0
ZTF17aaaaaao,0
ZTF17aaaafhz,0
ZTF18aawzxky,1
ZTF17aaaaawv,0
ZTF17aaaafaj,0
ZTF18aaxndxa,1
ZTF18aasrlze,1
ZTF17aaaadpe,0
ZTF17aabewcs,1
ZTF18aaxuxfp,1
ZTF17aaaaege,0
ZTF17aaaahfn,0
ZTF18aawkecm,1
ZTF18aaivmhi,1
ZTF18aasvtqi,1
ZTF17aaaadbq,0
ZTF17aabofis,1
ZTF17aaaajxk,0
ZTF17aaaahri,0
ZTF17aaaabem,0
ZTF17aaaajfm,0
ZTF17aacqjjr,1
ZTF18aaxqovw,1
ZTF17aaaaaeu,0
ZTF17aaaahfi,0
ZTF17aaaafbs,0
ZTF17aaaahmf,0
ZTF17aacrxrl,1
ZTF17aaaaigu,0
ZTF18aazejut,1
ZTF17aaaahcr,0
ZTF17aaaafjl,0
ZTF17aaaaato,0
ZTF17aaaahgs,0
ZTF17aabikfl,1
ZTF17aacrtpy,1
ZTF17aaaagop,0
ZTF17aaaajbh,0
ZTF17aabxawm,1
ZTF18aaxzcns,1
ZTF17aaaaflq,0
ZTF18aayhnkm,1
ZTF17aaaaisr,0
ZTF18aarasof,1
ZTF17aaaaays,0
ZTF17aaaadgs,0
ZTF17aaausce,1
ZTF18aazbjxg,1
ZTF17aaaaaxg,0
ZTF17aabpmqg,1
ZTF17aacsnku,1
ZTF17aaaagny,0
ZTF17aaaaedo,0
ZTF17aaaajau,0
ZTF17aacqimt,1
ZTF17aaaailm,0
ZTF17aaaajql,0
ZTF17aabqmhn,1
ZTF17aacsnju,1
ZTF17aacrirb,1
ZTF17aaaabpi,0
ZTF17aaaajie,0
ZTF17aaaacvj,0
ZTF17aacqyfl,1
ZTF17aaaadkm,0
ZTF17aaaajhu,0
ZTF17aaaahit,0
ZTF17aaaafaw,0
ZTF17aaaaatv,0
ZTF17aaaafjt,0
ZTF17aabwtky,1
ZTF17aaaahvc,0
ZTF17aaaadpf,0
ZTF17aacrjfx,1
ZTF18aawfalp,1
ZTF17aabahgp,1
ZTF17aaaahkg,0
ZTF17aaaafab,0
ZTF17aaaaish,0
ZTF17aaaagfm,0
ZTF18aavwuxk,1
ZTF17aaaaazg,0
ZTF18aavabkh,1
ZTF18aazfmqk,1
ZTF17aabwcyj,1
ZTF18aazauwn,1
ZTF17aacqdsr,1
ZTF18aazwhzf,1
ZTF17aaaaayr,0
ZTF18aaiwsua,1
ZTF18aaxpqip,1
ZTF17aaaajli,0
ZTF17aaaagfq,0
ZTF18aaxuznz,1
ZTF18aaiyjej,1
ZTF17aaaajpe,0
ZTF17aaaajim,0
ZTF18aawpfpp,1
ZTF17aaaaimf,0
ZTF17aaaaigb,0
ZTF17aaaahoi,0
ZTF18aayzxia,1
ZTF18aaygaet,1
ZTF17aaaexdy,1
ZTF17aaaacti,0
ZTF17aaaadlj,0
ZTF17aaaaaof,0
ZTF17aacsnlf,1
ZTF17aaaagza,0
ZTF17aabxgex,1
ZTF18aazwchc,1
ZTF17aaaaefp,0
ZTF18aawdynj,1
ZTF17aaaagpp,0
ZTF17aaaagof,0
ZTF17aaaahon,0
ZTF18aaxzhwv,1
ZTF17aacqgzw,1
ZTF17aaaaavf,0
ZTF18aazyhtu,1
ZTF18aayxgha,1
ZTF17aaaaarw,0
ZTF17aaaaiof,0
ZTF17aaaagyq,0
ZTF17aacrknv,1
ZTF17aaaahmq,0
ZTF17aaaahnq,0
ZTF17aaaabmx,0
ZTF18aavkrur,1
ZTF17aacryzj,1
ZTF17aackmkx,1
ZTF18aavrzxp,1
ZTF17aaaaawt,0
ZTF17aaaaidv,0
ZTF17aaaadtx,0
ZTF18aaxsyjl,1
ZTF17aaaahjo,0
ZTF17aaayzej,1
ZTF17aaaaadx,0
ZTF18aakbsaj,1
ZTF17aaaaclq,0
ZTF17aabxawl,1
ZTF17aaaabet,0
ZTF17aaaajxj,0
ZTF17aaaagzl,0
ZTF17aaaaatj,0
ZTF17aacnmfz,1
ZTF18aawczht,1
ZTF17aacjvqp,1
ZTF17aacqimk,1
ZTF18aajbzog,1
ZTF17aaaafcv,0
ZTF17aaaaewo,0
ZTF17aaaakah,0
ZTF17aaaabwr,0
ZTF18aayyedm,1
ZTF17aacrjgg,1
ZTF18aaltedx,1
ZTF18aaztlyl,1
ZTF18aaxiuls,1
ZTF17aaaajke,0
ZTF18aawivru,1
ZTF17aaaahyp,0
ZTF18aaqfqaa,1
ZTF17aaaafed,0
ZTF17aaaajmg,0
ZTF18aazdkvv,1
ZTF17aaaaagy,0
ZTF17aaaakat,0
ZTF18aazekll,1
ZTF17aaaaaco,0
ZTF17aacrean,1
ZTF18abaefjs,1
ZTF17aabxiwr,1
ZTF17aaaadkp,0
ZTF17aaaajbo,0
ZTF18aaxuncb,1
ZTF17aaaadap,0
ZTF17aaaajki,0
ZTF18aayqxxx,1
ZTF18aamyvro,1
ZTF17aaaafas,0
ZTF17aacsnkn,1
ZTF18aavxhuu,1
ZTF17aaaaffd,0
ZTF17aabxcjm,1
ZTF18aazcplf,1
ZTF17aaaaffv,0
ZTF17aaaairl,0
ZTF18aayqkef,1
ZTF17aaaakaf,0
ZTF17aaaaatl,0
ZTF17aaaajrv,0
ZTF17aaaajij,0
ZTF17aaaajmt,0
ZTF18abacxuv,1
ZTF17aabggws,1
ZTF17aaaahgd,0
ZTF17aaaprxb,1
ZTF17aaaajqw,0
ZTF18aakgqgr,1
ZTF17aaaahkd,0
ZTF18aayqvou,1
ZTF17aaaagtl,0
ZTF17aaaaebu,0
ZTF17aaaabay,0
ZTF17aaaagpx,0
ZTF17aaaaijs,0
ZTF17aaaabrb,0
ZTF17aacrdwi,1
ZTF18aaiiget,1
ZTF17aaaaafz,0
ZTF17aaaadvk,0
ZTF18aaospyg,1
ZTF17aaaahdf,0
ZTF17aaaahsq,0
ZTF17aaazoyk,1
ZTF17aabulrh,1
ZTF17aaaajfz,0
ZTF17aaaajhs,0
ZTF17aaaahgh,0
ZTF17aabxcjq,1
ZTF17aaaadvw,0
ZTF17aaaaiok,0
ZTF18aazxepm,1
ZTF17aacrihx,1
ZTF17aabwtoj,1
ZTF17aaaadsn,0
ZTF17aacqill,1
ZTF17aaaahlj,0
ZTF17aaaadjg,0
ZTF17aaaaiqr,0
ZTF17aaaagnj,0
ZTF17aacqiku,1
ZTF17aaaagbd,0
ZTF17aaaajug,0
ZTF18aawmvbj,1
ZTF18aaouufw,1
ZTF17aaaafbn,0
ZTF17aaaahjx,0
ZTF17aaceufb,1
ZTF17aaaajik,0
ZTF17aaaakar,0
ZTF17aacrljd,1
ZTF17aacqgbu,1
ZTF17aaaabyu,0
ZTF18aaugwxn,1
ZTF17aackrgy,1
ZTF17aacadas,1
ZTF17aaaabfm,0
ZTF17aaaadyh,0
ZTF18aajlxhe,1
ZTF17aacqhaw,1
ZTF17aaaxlji,1
ZTF17aaaaawy,0
ZTF18aawszoi,1
ZTF17aaccyjh,1
ZTF17aaaaabd,0
ZTF17aaaafdb,0
ZTF17aaaaiaa,0
ZTF18aazvown,1
ZTF17aaaaegy,0
ZTF18aawjfam,1
ZTF17aaaafnr,0
ZTF17aacqdaw,1
ZTF18aamnhhk,1
ZTF17aaaabla,0
ZTF17aacrkhi,1
ZTF17aaaaihd,0
ZTF18aaxrnhh,1
ZTF17aaaaiog,0
ZTF17aaaahtt,0
ZTF17aaaaeeb,0
ZTF18aamsjfu,1
ZTF17aaaafjx,0
ZTF17aacadao,1
ZTF17aaaaavj,0
ZTF17aabxeut,1
ZTF17aaaafil,0
ZTF18aayanga,1
ZTF17aaaajil,0
ZTF17aaaahlr,0
ZTF17aacratx,1
ZTF18aaxhcam,1
ZTF17aaaajxg,0
ZTF17aaaaciv,0
ZTF17aaaaghy,0
ZTF17aabtacy,1
ZTF17aaaafgp,0
ZTF17aaaafnq,0
ZTF17aaaprcb,1
ZTF17aaaajey,0
ZTF17aackypk,1
ZTF17aaaagpj,0
ZTF17aaaaeqf,0
ZTF17aaaajti,0
ZTF17aaaagom,0
ZTF17aaaaffs,0
ZTF17aacqhdt,1
ZTF18aawwazv,1
ZTF17aaaajkd,0
ZTF17aaaagor,0
ZTF17aaaaiik,0
ZTF17aaaajis,0
ZTF18aaxlxhr,1
ZTF17aaanrhg,1
ZTF17aaaaape,0
ZTF17aaaahib,0
ZTF17aaaqkdv,1
ZTF17aacridr,1
ZTF17aaaaepx,0
ZTF17aacqijy,1
ZTF17aabhmlg,1
ZTF17aabwcxm,1
ZTF17aaaajvn,0
ZTF17aaaajxv,0
ZTF17aaaafyb,0
ZTF17aaaaard,0
ZTF17aaaacvz,0
ZTF17aablpqu,1
ZTF17aaaaate,0
ZTF17aaaaame,0
ZTF17aaaadrq,0
ZTF17aaaaess,0
ZTF17aabytub,1
ZTF18aazdkul,1
ZTF17aaaajay,0
ZTF17aaaaedb,0
ZTF17aabwrkx,1
ZTF17aacaijx,1
ZTF17aaaahry,0
ZTF18aavyegl,1
ZTF17aaaaawa,0
ZTF18aaydzkf,1
ZTF17aabbbmj,1
ZTF18aamtrdu,1
ZTF17aaaainy,0
ZTF18aayfrmd,1
ZTF17aaaaiod,0
ZTF18aauxdhp,1
ZTF18aazcglp,1
ZTF17aaaagyg,0
ZTF17aaaaaqw,0
ZTF17aabilfl,1
ZTF17aaaaave,0
ZTF17aaaaatg,0
ZTF18aaxuflt,1
ZTF17aaaagbn,0
ZTF17aacryzi,1
ZTF17aaaaitb,0
ZTF17aaaadjc,0
ZTF17aaaajqe,0
ZTF18aamrbiv,1
ZTF17aaaadir,0
ZTF17aacrisq,1
ZTF17aaaafmn,0
ZTF17aaaaimz,0
ZTF17aaaaipa,0
ZTF18aarzivk,1
ZTF17aabchel,1
ZTF17aaaaari,0
ZTF17aacqial,1
ZTF17aaaaahn,0
ZTF18aaglczm,1
ZTF17aaaahaw,0
ZTF17aacqimc,1
ZTF18aaumeys,1
ZTF18aarvrop,1
ZTF17aaaajpk,0
ZTF17aaaahgj,0
ZTF17aaaajqq,0
ZTF18aazfjvw,1
ZTF18aaygpmr,1
ZTF18aarbzhs,1
ZTF18aazbjyj,1
ZTF17aaajrwf,1
ZTF17aaaagtv,0
ZTF17aaaaiqu,0
ZTF17aaaafaa,0
ZTF17aaaajth,0
ZTF18aazabmh,1
ZTF17aacqgzv,1
ZTF17aaaaibb,0
ZTF18aakgqiu,1
ZTF17aaaajla,0
ZTF17aabcomu,1
ZTF17aaaagyk,0
ZTF17aaaaalg,0
ZTF17aaaafhm,0
ZTF18aazboex,1
ZTF17aaaaddc,0
ZTF17aaaaheb,0
ZTF17aabiyht,1
ZTF17aacqfig,1
ZTF17aaaadqk,0
ZTF18aabfbaw,1
ZTF17aaaahhk,0
ZTF18aaxsgek,1
ZTF17aaaaafy,0
ZTF17aabaotp,1
ZTF17aaaxkns,1
ZTF17aaaaalf,0
ZTF17aaaaaxo,0
ZTF17aacqike,1
ZTF18aannern,1
ZTF17aacqima,1
ZTF17aacrkni,1
ZTF18aawibjr,1
ZTF17aacrvtw,1
ZTF17aaaabdz,0
ZTF18aawqwbs,1
ZTF17aaaahbt,0
ZTF17aaaafmi,0
ZTF17aaaadwq,0
ZTF17aabgyln,1
ZTF17aaafuil,1
ZTF17aacnmoj,1
ZTF17aaaajef,0
ZTF17aaaackh,0
ZTF17aaaaatk,0
ZTF18aalsomy,1
ZTF17aacfoty,1
ZTF18aayxpia,1
ZTF17aaaaaty,0
ZTF17aacqikr,1
ZTF17aaaaaga,0
ZTF18aazfmsu,1
ZTF18aatyqds,1
ZTF17aaaabex,0
ZTF17aaaajot,0
ZTF17aaaahms,0
ZTF17aaaafci,0
ZTF17aaaaiqz,0
ZTF18abaanzs,1
ZTF17aacrvpy,1
ZTF17aacrmca,1
ZTF18aaxsbjy,1
ZTF17aabwtto,1
ZTF18aajdive,1
ZTF17aaaabfx,0
ZTF17aaaadtc,0
ZTF17aaaaffp,0
ZTF17aaaaijf,0
ZTF18aatoxnl,1
ZTF17aaaadhx,0
ZTF17aaaagps,0
ZTF18aaydjtj,1
